level,banner,aba,lxx_code,conversion_rate
L21,PA+,2,02020903,0.00091450349362701665
L21,PA+,2,01019612,0.00133084741150755555
L21,PA+,1,01019608,0.03085714543333073596667
L21,CLEX,0,01010332,0.0006212478342186875
L21,PA+,0,01010206,0.0007101264082475
L21,CLEX,1,02020603,0.015227048939146953725
L21,CLEX,2,01019610,0.00139007901254265076667
L21,CLEX,2,01011401,0.00090480317290133333333
L21,CLEX,2,02020905,0.00180170072280759375
L21,CLEX,1,01010201,0.01519167442126644774211
L21,CLEX,3,01019611,0.00352407409775810153333
L21,CLEX,1,02020702,0.0094930908611851962
L21,CLEX,0,13139001,0.00163107695937833825
L21,CLEX,1,02021002,0.0169947300376541143
L21,CLEX,0,04045001,0.000040001108636
L21,PA+,0,01010334,0.00101258074110283333333
L21,CLEX,1,01010333,0.029204754141246518475
L21,CLEX,0,02020701,0.0006308549803435
L21,PA+,2,02020701,0.0005061971703297143
L21,CLEX,0,06069809,0.000027597885584
L21,PA+,2,01011403,0.0003906683628015
L21,PA+,3,02020603,0.008221727019635660725
L21,CLEX,1,01011404,0.011737744321325013
L21,PA+,2,11111302,0.0001504621349514074
L21,CLEX,1,01019613,0.01599887636068672294
L21,PA+,1,02020902,0.01670584490664894685714
L21,PA+,1,11111301,0.01053120057289225
L21,CLEX,1,02020809,0.016215955658500710025
L21,PA+,3,01010337,0.01956646366425475
L21,PA+,0,01011401,0.000430819932551291675
L21,CLEX,1,02020805,0.01193623946860380565714
L21,CLEX,1,02020801,0.00876624920142435996667
L21,CLEX,2,01010206,0.00073001497797565
L21,PA+,0,01010202,0.0003632450579115
L21,CLEX,0,01010101,0.0003590458913421875
L21,PA+,0,02020813,0.00031207829701576666364
L21,CLEX,0,02020903,0.00005512213588508333333
L21,PA+,1,02020601,0.01872400114802372704
L21,CLEX,2,01010330,0.000956217378926814375
L21,PA+,2,01010332,0.00065459616754392143333
L21,PA+,3,02020812,0.004621623090196875
L21,CLEX,2,02020707,0.0011366785281378333
L21,CLEX,0,11119104,0.0001160415724345
L21,PA+,3,01011404,0.042204819406892
L21,CLEX,3,01019608,0.0431824625184756364
L21,CLEX,0,01010109,0.00016658529258491665
L21,CLEX,0,11111302,0.000168611874541875
L21,CLEX,0,06065904,0.000029713879894
L21,PA+,1,01010104,0.00756907470757616665
L21,CLEX,2,01010202,0.00177512318209988333333
L21,PA+,3,02020809,0.00682398409683066666667
L21,PA+,2,02020808,0.00175167850662570832857
L21,CLEX,0,02021001,0.000127514608077
L21,PA+,1,01010335,0.015529224745801974
L21,CLEX,3,02020902,0.0063029481518641152
L21,CLEX,3,01019615,0.00942189604787555093333
L21,CLEX,3,06066401,0.0029305096737905
L21,PA+,3,01010201,0.00616270557477328765714
L21,PA+,2,02020602,0.00166708144157603935
L21,CLEX,0,02020602,0.000799326172906
L21,PA+,0,01019610,0.00051372467990483335
L21,PA+,0,01010107,0.0004910373100796875
L21,PA+,3,01019613,0.007650957353501319425
L21,PA+,3,02020801,0.00477462091629
L21,CLEX,2,02020806,0.0015586273188266767
L21,CLEX,3,01010207,0.0039276231883295
L21,CLEX,3,11111301,0.000672011384722
L21,CLEX,2,01019614,0.00049156867761339285
L21,PA+,1,01010108,0.02198356639292306096667
L21,CLEX,3,01019604,0.0200500051740275556
L21,CLEX,3,01010108,0.00522829205385916707143
L21,CLEX,3,02020807,0.0175402181554887778
L21,CLEX,0,01011403,0.0002433135825308
L21,CLEX,0,11115801,0.000028294827178
L21,PA+,2,01010336,0.00170510109939183335
L21,PA+,1,01019611,0.01690421431510308201667
L21,CLEX,3,02020601,0.01330070767721796295
L21,CLEX,0,01010336,0.0023440785400715
L21,CLEX,0,11111203,0.0002627110383962
L21,PA+,1,01010331,0.0137071897528759421
L21,PA+,1,02020807,0.02288036847066451071667
L21,CLEX,2,02021003,0.0001131208349434
L21,PA+,0,01010330,0.00080062006423611111111
L21,PA+,1,01019604,0.0169101984727517401
L21,PA+,0,01019614,0.00046615465781474996667
L21,PA+,0,02020707,0.00053964141424816665
L21,PA+,2,02021001,0.000897070975742125
L21,CLEX,0,02020808,0.000093456223886
L21,CLEX,3,01010335,0.00546821261100269445
L21,CLEX,2,02020813,0.004234526499171583325
L21,PA+,2,01010109,0.000487235884709412025
L21,PA+,3,02021002,0.005619933356542
L21,PA+,0,02020806,0.000070659877609
L21,PA+,1,01019615,0.0141459929171042337
L21,CLEX,0,06066406,0.00001826136818
L21,CLEX,0,10106804,0.000031305202594
L21,CLEX,3,11111202,0.0017766807303245
L21,CLEX,0,02020804,0.0001250951853573333
L21,CLEX,3,01010331,0.00286701710793948504444
L21,PA+,2,02020804,0.00031769628730058105
L21,CLEX,1,02020812,0.01877697878273071826667
L21,CLEX,2,01010334,0.00064568655569377313333
L21,CLEX,1,01010330,0.01093015518306929396923
L21,PA+,1,02020804,0.01823783633858595722
L21,PA+,0,01019608,0.00091420341265133333333
L21,CLEX,1,01010334,0.013496350469182705
L21,PA+,1,02021001,0.02289860527762395625
L21,CLEX,1,02020905,0.0168818378221076611
L21,CLEX,3,02020602,0.0072985110154556
L21,PA+,3,01010206,0.0088351495105157778
L21,PA+,3,02020905,0.01237173807382695455
L21,PA+,0,01010108,0.0015292289859835097
L21,PA+,1,01011403,0.0095461259390846724
L21,CLEX,0,02020603,0.001822351372753
L21,PA+,0,01019611,0.000052758464171
L21,PA+,2,02020812,0.00236625633783316665
L21,PA+,1,02020903,0.02530814464495530316667
L21,PA+,3,01019614,0.0075075839263288
L21,PA+,2,02020603,0.00116361105915047618571
L21,PA+,2,01010333,0.000566494708784
L21,CLEX,1,02020707,0.01254531231693570495
L21,PA+,0,02020601,0.00297367612177683275455
L21,PA+,1,02020602,0.0223011277779300411375
L21,CLEX,1,01019610,0.0148273862201322162
L21,CLEX,1,01010206,0.0153541863975322951
L21,CLEX,2,02020902,0.00122083453016471853333
L21,CLEX,0,02020812,0.00063224684145
L21,CLEX,1,02020813,0.01696808825343537518182
L21,PA+,1,02020808,0.02251290331713619318182
L21,CLEX,0,01011404,0.00033223193920475
L21,PA+,1,01019612,0.0162810617604338585
L21,CLEX,0,02020809,0.000421228892685
L21,CLEX,3,11111302,0.004580722172486
L21,CLEX,3,06068305,0.00220710557374016665
L21,CLEX,2,02020807,0.002869180283362375
L21,CLEX,2,01019615,0.0010992071889241667
L21,CLEX,2,01019604,0.00170040588628613635
L21,CLEX,1,01019614,0.02068453324888968056667
L21,PA+,1,01010109,0.01984174245199368046667
L21,PA+,3,01010334,0.0116834055048358846
L21,PA+,3,02020806,0.0091671189767096
L21,CLEX,3,02020907,0.001631687294029
L21,CLEX,3,11111203,0.003482386261230375
L21,CLEX,2,02020601,0.00144200041513996112
L21,PA+,2,02020805,0.001281059944926702625
L21,PA+,3,01019610,0.01076819645014430555
L21,PA+,0,01010335,0.00022831531462175
L21,PA+,1,01010101,0.0071164857342460769
L21,CLEX,3,02020808,0.002175567136963375
L21,CLEX,1,02021003,0.0048027190863552941
L21,PA+,2,02021002,0.00075844379933464285
L21,PA+,0,01019604,0.0021999787826525
L21,CLEX,3,13139001,0.0225429284802603889
L21,CLEX,0,11111101,0.0000360275749785
L21,CLEX,0,02020805,0.00038810027250233333333
L21,CLEX,0,02021002,0.00014147449246775
L21,PA+,2,01011404,0.00100855610416985714
L21,PA+,3,01010330,0.0052781562662298791625
L21,PA+,2,01019613,0.00127928853453824762
L21,PA+,2,02020702,0.000826594672589
L21,CLEX,2,01010331,0.00094864829914566666667
L21,CLEX,3,01010332,0.0023860729287539446
L21,CLEX,2,01019611,0.002488618789447375
L21,CLEX,0,06066102,0.000189918229072
L21,CLEX,1,01010107,0.01233499798893433333333
L21,PA+,2,02020801,0.0003312819411029
L21,PA+,1,01010336,0.0184012306683298797
L21,CLEX,1,01010202,0.01744816566330596874286
L21,PA+,3,02020813,0.008455023819529725
L21,PA+,0,02020807,0.0010040488642515
L21,PA+,0,01010331,0.0003678933573945
L21,CLEX,3,02020804,0.001708476411185
L21,CLEX,0,06066403,0.000382068039042
L21,CLEX,2,01010335,0.00107412896775241665
L21,CLEX,1,02020806,0.0177042859629381878
L21,CLEX,2,01019608,0.001494104035613
L21,CLEX,0,02020702,0.0003981427386556
L21,CLEX,3,01019612,0.0157861909294597727
L21,CLEX,1,01011401,0.01219427603827949345
L21,CLEX,2,01010108,0.00057219331219100814
L21,CLEX,0,01010333,0.000223071581556
L21,CLEX,0,01019613,0.00225236738930116666667
L21,PA+,2,01010201,0.00152974330146207255
L21,PA+,1,11111302,0.0244542061291887619
L21,CLEX,3,01010336,0.01689729320940922225
L21,PA+,0,01010104,0.00061805136194716666667
L21,CLEX,0,01010201,0.00031313058048803342353
L21,PA+,1,02020701,0.0105871825787121169
L21,PA+,2,02020809,0.00197832421822942963333
L21,PA+,3,02021003,0.0078787746021805
L21,PA+,3,01010202,0.0080816693720876829
L21,PA+,1,01010332,0.0215145437847845416625
L21,CLEX,3,06069809,0.001742307627248
L21,PA+,0,02020907,0.000059429074583
L21,PA+,2,01010206,0.0007895246809137778
L21,PA+,2,01019610,0.001093887738697147725
L21,CLEX,2,01010332,0.000432675455205874975
L21,PA+,0,02020804,0.0012423529143975
L21,PA+,0,01019612,0.0005105170163535
L21,CLEX,0,02020707,0.0004495837226938333
L21,CLEX,0,01010107,0.000252103697106
L21,PA+,3,01010108,0.01345484728795702666
L21,CLEX,2,01010336,0.00080887742244294443333
L21,CLEX,1,01010104,0.00594655257443775
L21,PA+,1,02020805,0.01984707505689880578333
L21,PA+,2,01010107,0.000189062897937
L21,CLEX,0,11111102,0.00022286511590575
L21,PA+,3,01019608,0.0284400277842953846
L21,PA+,1,02020603,0.02081787245459179206
L21,PA+,2,01011401,0.00063220540917975
L21,PA+,2,01010330,0.00090146787116492431
L21,PA+,1,01010201,0.02185963389907899212778
L21,PA+,0,01010336,0.00008325768439
L21,CLEX,0,01010202,0.0002761462773827
L21,PA+,0,06067502,0.000909952936477
L21,CLEX,3,02020812,0.00241294471590783333333
L21,CLEX,0,11111201,0.000081942181496
L21,PA+,0,01010332,0.00048981502792198333333
L21,CLEX,3,06068306,0.0027275513869557857
L21,PA+,0,02020701,0.0005719760988336429
L21,CLEX,1,02020601,0.0112210427511278871
L21,PA+,2,01010334,0.00103647891682103333333
L21,CLEX,0,01011401,0.00038028331786444285714
L21,PA+,1,01011404,0.023828169269417529475
L21,CLEX,1,01010108,0.01772564952771019401667
L21,CLEX,1,02020902,0.01171588002795836565
L21,CLEX,0,01010334,0.0010213228861920375
L21,PA+,2,02020707,0.001214560849499
L21,PA+,1,02020809,0.028209929821492717175
L21,CLEX,3,01010337,0.0066532064192906667
L21,CLEX,0,02020813,0.000839979819485
L21,CLEX,2,11111302,0.0002208164420606
L21,PA+,1,02020702,0.01835238599295408315
L21,PA+,3,01019604,0.02092459997806035
L21,CLEX,2,02020804,0.000212411909278696425
L21,PA+,2,01019614,0.00116383732661125
L21,PA+,3,02020902,0.01361346531170992
L21,CLEX,2,02020903,0.000193113822293
L21,PA+,3,01019615,0.00742976867726105
L21,CLEX,1,01019604,0.01508907333220714755
L21,CLEX,0,01019614,0.00135218107130233335
L21,PA+,2,02020905,0.002029120551184275
L21,CLEX,1,01019615,0.0139311381157309008
L21,PA+,2,02021003,0.000094021780121
L21,CLEX,3,02020702,0.001776138843311
L21,PA+,2,01010202,0.00122360294319105065
L21,CLEX,2,02020808,0.00062414514508128333333
L21,CLEX,2,02021001,0.0002862213310014286
L21,PA+,1,02020812,0.03518811396846220453333
L21,CLEX,0,06069810,0.0003670231468406
L21,PA+,3,11111301,0.00059232485105075
L21,CLEX,0,01019610,0.00068891100075375
L21,CLEX,3,01010201,0.00500596059299749830714
L21,CLEX,1,01011402,0.0090013976269245357
L21,CLEX,1,01019611,0.0140345185057497529875
L21,CLEX,3,06066102,0.002136880756034
L21,CLEX,0,02020905,0.000786781097584
L21,PA+,3,01010207,0.004392954046255
L21,CLEX,2,01011403,0.00026960504045575
L21,CLEX,0,02020806,0.000516147124372
L21,CLEX,2,01010109,0.00094032418763434444444
L21,PA+,0,02020808,0.00024155496811725
L21,PA+,0,01011403,0.000200523190157721225
L21,CLEX,3,02020603,0.00419842392384670801667
L21,PA+,3,02020601,0.020618984668613625
L21,PA+,3,01010335,0.01758688752796063683333
L21,PA+,3,02020807,0.01614736771370563635
L21,CLEX,2,02020602,0.00167992399090949556
L21,CLEX,1,01019608,0.02058609917831242776667
L21,PA+,1,01010333,0.03156994875844817506667
L21,CLEX,2,01019612,0.00147126153369858335
L21,PA+,3,01019611,0.003785630700045
L21,CLEX,3,02020809,0.005838075764792289575
L21,PA+,3,01010104,0.0022306197367241
L21,PA+,1,02021002,0.02555533922909694392
L21,PA+,1,01019613,0.01781839663853814116
L21,CLEX,0,01010206,0.00052934236311942855
L21,PA+,0,02020602,0.00204018377332708235
L21,PA+,2,02020813,0.0030498843594007
L21,CLEX,1,01010335,0.0102664504875723479
L21,CLEX,3,01019613,0.009275688633262550375
L21,CLEX,1,01010331,0.0106405910388087056125
L21,PA+,0,01010109,0.00167458357404125
L21,PA+,1,02020801,0.01382748090332272985
L21,CLEX,3,06068504,0.001625233251068
L21,CLEX,0,01010330,0.00097144613332330909091
L21,CLEX,0,06066103,0.0000902633341465
L21,PA+,0,01010101,0.00107119894253180303333
L21,PA+,2,02020806,0.00123295504931047951667
L21,CLEX,3,02020801,0.003873078379513125
L21,PA+,3,01010331,0.00764673027473445
L21,CLEX,1,02020807,0.01309366567944688944
L21,CLEX,1,02020804,0.01391445940041746783333
L21,CLEX,1,02020808,0.01438434337620346416667
L21,PA+,1,02020813,0.02440207701836986807273
L21,CLEX,1,01010101,0.0124644230137325
L21,CLEX,0,01019615,0.00190981737315325
L21,CLEX,1,01010332,0.02033888429708669514286
L21,CLEX,3,11111201,0.002084443469266
L21,PA+,3,01010101,0.0083359866843115
L21,PA+,2,01019608,0.00128143117577833333333
L21,PA+,0,02020809,0.001352693467456
L21,PA+,3,02020808,0.004425964739527
L21,CLEX,3,01019614,0.0081621114788860769
L21,CLEX,0,06066104,0.000069567116876
L21,CLEX,0,11111202,0.000046450300921
L21,PA+,1,01010334,0.01832647078938348256667
L21,PA+,0,02021002,0.000064303887582
L21,CLEX,0,01011402,0.000119537271304625
L21,PA+,3,02020602,0.014930662824829303
L21,PA+,1,01019610,0.0200775148930427618
L21,CLEX,2,01011404,0.00067831151468310238
L21,CLEX,2,01010333,0.00036112672303565
L21,PA+,0,02020702,0.00035028373598325
L21,CLEX,0,01010104,0.0002080026158795357
L21,PA+,0,01010201,0.00064309001870220833333
L21,CLEX,0,11111301,0.0000725889385155
L21,CLEX,2,01010201,0.00121453740134605049231
L21,PA+,3,13139001,0.0388365248557698448
L21,CLEX,2,02020809,0.0010410204356445662
L21,PA+,2,02020601,0.0016396390778137385
L21,CLEX,0,01010207,0.0002800989168385
L21,CLEX,3,06066103,0.0018471419448041667
L21,CLEX,3,01011401,0.006155923587116
L21,CLEX,0,01019608,0.0013843972891026667
L21,CLEX,1,01019612,0.0141459569537699935
L21,PA+,1,01010107,0.0197035742513926389
L21,PA+,1,02020905,0.0235430582127256106
L21,CLEX,3,02020806,0.003701672065848508325
L21,CLEX,2,02020801,0.0008503742713216
L21,PA+,1,01010206,0.01581277039080412596667
L21,CLEX,1,11111302,0.022645925652322474375
L21,CLEX,0,01010108,0.00131519418183414814444
L21,CLEX,1,02020701,0.0115229165970459765
L21,CLEX,1,02021001,0.010935994733509976025
L21,PA+,3,02020701,0.007758903713655
L21,CLEX,2,01019613,0.00140562901873921808
L21,PA+,1,02020806,0.02966227693263501205714
L21,CLEX,0,11114304,0.000063267936548
L21,CLEX,0,02020601,0.00063319268635433333333
L21,CLEX,0,06066401,0.000167631041972
L21,PA+,3,01010109,0.00652136186461825
L21,PA+,2,01010331,0.00034497909086866666667
L21,CLEX,2,02020603,0.00062335622134318334
L21,CLEX,0,02020807,0.0000536669989065
L21,PA+,2,02020807,0.00146207946368761573333
L21,CLEX,0,01019604,0.000874915704831
L21,CLEX,3,01010334,0.01440040008135544445
L21,CLEX,2,02020702,0.000706055785112
L21,PA+,1,01010330,0.01643600462110658182143
L21,PA+,2,01011402,0.0002113468966185
L21,PA+,3,02020907,0.0042086650151535
L21,CLEX,0,02020902,0.000038769542501
L21,CLEX,0,01010331,0.000759839733332
L21,PA+,3,01019612,0.01043800740349194545
L21,PA+,1,02021003,0.00694331062321425
L21,PA+,0,02020805,0.0017264498622295
L21,CLEX,3,02020707,0.002291652255909375
L21,CLEX,2,02020805,0.00128743487146043556
L21,CLEX,3,01019610,0.01404689363382653703333
L21,CLEX,1,01010109,0.01483733971068007616667
L21,CLEX,2,02021002,0.00011755123557609523333
L21,CLEX,1,02020602,0.01121884624225573383333
L21,PA+,2,01019611,0.002649224037585
L21,CLEX,1,01010336,0.012972149809672787075
L21,PA+,0,02020603,0.00145161221690474319
L21,PA+,3,01010332,0.00361036101684376666667
L21,PA+,1,01010202,0.024371458682803107125
L21,PA+,1,02020707,0.0263608332282655115
L21,CLEX,3,02020813,0.00520423341772425
L21,CLEX,3,01010330,0.00639503664034728435455
L21,CLEX,3,01010206,0.00408734518338944443333
L21,PA+,2,01010335,0.00146199321077734166667
L21,CLEX,3,06068307,0.00239859120421942856667
L21,CLEX,3,01010202,0.0106530519318274375
L21,PA+,2,01019615,0.0011174018408992
L21,PA+,3,02021001,0.0015781330888575
L21,CLEX,0,10106807,0.00005473528017008335
L21,CLEX,1,01011403,0.008214884496848266
L21,PA+,2,01010108,0.00110301268645418834
L21,CLEX,3,02020905,0.013937911942252400575
L21,PA+,2,02020902,0.0019547264294006667
L21,CLEX,0,01010335,0.00269073522879975
L21,PA+,2,01019604,0.00210106745520438885
L21,PA+,1,01019614,0.0278761124765094379
L21,PA+,0,02020812,0.000245693580338
L21,PA+,3,01010336,0.02762239446410905
L21,PA+,0,01019613,0.00058324224989463
L21,PA+,1,01011401,0.0154568383730930652
L20,CLEX,3,13139001007,0.026230391522824
L20,CLEX,0,13139001007,0.0030353603510341765
L20,PA+,3,13139001007,0.0276070897616022778
L20,CLEX,0,02020812074,0.0003984239981665
L20,PA+,2,02020812074,0.0024778935725463333
L20,PA+,1,02020812074,0.0326621177048171795
L20,CLEX,3,02020812074,0.001745620899296
L20,PA+,3,02020812074,0.004522158577027
L20,CLEX,1,02020812074,0.0246590252798958293
L20,PA+,0,02020812074,0.000245693580338
L20,CLEX,3,02020808021,0.001850960091495
L20,PA+,1,02020808021,0.0211772322850057955
L20,CLEX,1,02020808021,0.0149638033716674483
L20,PA+,3,01010330711,0.00602954476937
L20,CLEX,1,01010330711,0.0101312525174466607
L20,CLEX,0,01010330711,0.001102473513074
L20,PA+,2,01010330711,0.0010468478636478333
L20,PA+,0,01010330711,0.001643711631572
L20,CLEX,2,01010330711,0.0016026910429278
L20,CLEX,3,01010330711,0.0105564583933293333
L20,PA+,1,01010330711,0.0166213719395445
L20,PA+,3,02020807009,0.009285804497188
L20,PA+,2,02020807009,0.0001667113224882222
L20,CLEX,3,06069809007,0.001742307627248
L20,CLEX,0,06069809007,0.000031716869222
L20,CLEX,0,01010330708,0.000099192667296
L20,PA+,0,01010330708,0.000482138970701
L20,PA+,1,01010330708,0.0150936397766655385
L20,CLEX,3,11111203007,0.002710073879721
L20,CLEX,0,11111203007,0.000471143299043
L20,CLEX,1,01019610025,0.0157033832605406486
L20,CLEX,0,01019610025,0.000072661616525
L20,PA+,2,01019610025,0.0007135674745
L20,PA+,0,01019610025,0.00007918381521
L20,CLEX,3,01019610025,0.0016555406791045
L20,PA+,1,01019610025,0.0193194664859476279
L20,PA+,0,02020601012,0.0023205377095585
L20,CLEX,2,02020601012,0.000869800646588
L20,CLEX,1,02020601012,0.0105788956973641148
L20,PA+,3,02020601012,0.011223899180070375
L20,CLEX,3,02020601012,0.0257128235462841111
L20,PA+,1,02020601012,0.0160960502176206522
L20,PA+,2,02020601012,0.0020190720384448
L20,CLEX,3,06068307018,0.00302894658311
L20,CLEX,1,01010334744,0.0156847896147381639
L20,PA+,3,01010334744,0.0228652383529307692
L20,CLEX,0,01010334744,0.001086920578351875
L20,PA+,2,01010334744,0.0014396524053656
L20,CLEX,2,01010334744,0.0011739068241671765
L20,PA+,0,01010334744,0.002236865208227
L20,CLEX,3,01010334744,0.0262733431785553333
L20,PA+,1,01010334744,0.0210580512833581073
L20,CLEX,0,01011403036,0.00009157333474
L20,CLEX,1,02020807001,0.006059722648713625
L20,PA+,1,02020807001,0.00762650811961075
L20,PA+,2,01010201023,0.0026285999157437895
L20,CLEX,0,01010201023,0.0006021546856925
L20,CLEX,3,01010201023,0.0134939010141105556
L20,PA+,1,01010201023,0.0278576426561809412
L20,CLEX,1,01010201023,0.0267560526305069524
L20,PA+,3,01010201023,0.0074687721353093636
L20,PA+,0,01010201023,0.000473856932347
L20,CLEX,2,01010201023,0.0024198307002611
L20,CLEX,3,01010207009,0.0016790469391485
L20,PA+,1,01010336751,0.024692511933252
L20,CLEX,2,01010336751,0.000522678705237
L20,CLEX,0,01010336751,0.000351649600472
L20,CLEX,1,01010336751,0.0165962589165386986
L20,PA+,1,02020903010,0.0335208068628513095
L20,CLEX,2,02020903010,0.000055737498676
L20,PA+,2,02020903010,0.0013241088994143333
L20,CLEX,0,02020903010,0.000044012545489
L20,CLEX,3,11111302010,0.001805431214563
L20,CLEX,0,11111302010,0.000281729395509
L20,CLEX,1,11111302010,0.0306044270120701667
L20,CLEX,2,01019615016,0.0010992071889241667
L20,CLEX,1,01019615016,0.01458583366801355
L20,PA+,3,01019615016,0.0096829227897306
L20,PA+,1,01019615016,0.0152526874128020556
L20,CLEX,3,01019615016,0.0214557263800057778
L20,CLEX,0,01019615016,0.0033920306937965
L20,PA+,2,01019615016,0.0011174018408992
L20,CLEX,0,11111101005,0.000027240361569
L20,PA+,1,01010109597,0.0196050325606823182
L20,PA+,0,01010109597,0.001726783877189
L20,CLEX,2,01010109597,0.00019151227975
L20,PA+,2,01010109597,0.000168187909912
L20,CLEX,1,01010109597,0.0174830761384727692
L20,CLEX,0,01010101535,0.00018809965167325
L20,PA+,2,01011404052,0.00057384432909
L20,CLEX,0,01011404052,0.000018724550143
L20,PA+,1,01011404052,0.0147467812974397333
L20,CLEX,1,01011404052,0.0105747420376259286
L20,CLEX,2,01011404052,0.000295514522016
L20,PA+,1,11111302003,0.03036146622428
L20,CLEX,3,11111302003,0.00723664577738
L20,CLEX,2,11111302003,0.00060357964068
L20,CLEX,0,11111302003,0.000236639407283
L20,PA+,2,11111302003,0.0002393685627428889
L20,CLEX,1,11111302003,0.0246495831452706923
L20,CLEX,1,02020806014,0.0140161881182917538
L20,PA+,2,02020806014,0.0012169490823633333
L20,CLEX,2,02020806014,0.0008657834355796667
L20,PA+,1,02020806014,0.020153532022522
L20,PA+,1,01010109520,0.0161127830828792353
L20,CLEX,2,01010109520,0.000260837991877
L20,PA+,0,01010109520,0.00183355275539
L20,CLEX,0,01010109520,0.0000458473501173333
L20,PA+,2,01010109520,0.0001701766147098333
L20,CLEX,1,01010109520,0.011457998634933
L20,CLEX,3,02020808018,0.003273175707022
L20,PA+,1,02020808018,0.0207680834744276429
L20,CLEX,2,02020808018,0.00026129483887125
L20,PA+,2,02020808018,0.000455178638301625
L20,CLEX,1,02020808018,0.0154014562933904545
L20,PA+,3,02020808018,0.004425964739527
L20,PA+,1,02020602029,0.032801946843463881
L20,PA+,0,02020602029,0.000390886412626125
L20,CLEX,2,02020602029,0.000045406757224
L20,PA+,2,02020602029,0.000180187537641
L20,PA+,1,02020603023,0.0303614866185276996
L20,CLEX,3,02020603023,0.001736576972591
L20,CLEX,1,02020603023,0.0179298300548701549
L20,PA+,3,02020603023,0.0065359539077649
L20,PA+,0,02020603023,0.0008649112542121818
L20,CLEX,0,02020903029,0.000140996779568
L20,PA+,1,02020804058,0.0148658031996616667
L20,CLEX,2,02020804058,0.0003850978869256667
L20,PA+,2,02020804058,0.0005243231247065
L20,CLEX,1,02020804058,0.0217653860360326667
L20,CLEX,2,01010108504,0.0004354340096414286
L20,PA+,0,01010108504,0.002186140957881
L20,CLEX,1,01010108504,0.0186146680064428462
L20,PA+,1,01010108504,0.0257681378123555424
L20,PA+,2,01010108504,0.0006871523492406667
L20,CLEX,0,01010108504,0.000508031905369
L20,CLEX,2,02020601009,0.0006697599010835
L20,PA+,0,02020601009,0.004216558082641
L20,CLEX,1,02020601009,0.0069189861092596207
L20,PA+,1,02020601009,0.0190097078323779429
L20,CLEX,0,02020601009,0.000023478901946
L20,PA+,2,02020601009,0.00075904158578575
L20,CLEX,3,01010332733,0.00300742997376075
L20,PA+,1,01010332733,0.0231447477827048649
L20,PA+,0,01010332733,0.0000917641390435
L20,CLEX,0,01010332733,0.000842674981616
L20,PA+,2,01010332733,0.000427626786626
L20,CLEX,1,01010332733,0.0117746964247328929
L20,PA+,3,01010332733,0.0044705695314945
L20,CLEX,1,01011401014,0.0113492757826094444
L20,CLEX,0,01011401014,0.000092104969008
L20,PA+,1,01011401014,0.009687936655799
L20,PA+,2,02021002001,0.0007519916373918571
L20,PA+,1,02021002001,0.0231271757423834815
L20,CLEX,1,02021002001,0.0286763087905297
L20,PA+,0,02021002001,0.000052192807748
L20,CLEX,2,02021002001,0.0002563557170152857
L20,CLEX,1,02020813007,0.0332153091697291429
L20,PA+,2,02020813007,0.001485281743639
L20,PA+,0,02020813007,0.0002803236886225
L20,CLEX,2,02020813007,0.002379945486592
L20,PA+,1,02020813007,0.045433244196296
L20,CLEX,0,01010201012,0.0001387999617235
L20,CLEX,3,01010201012,0.00551120342085
L20,PA+,1,01010201012,0.0226180848449598947
L20,PA+,3,01010201012,0.004951302197092
L20,CLEX,1,01010201012,0.0132169128084704412
L20,PA+,3,01019610102,0.0095635043317761111
L20,CLEX,1,01019610102,0.012811960376489
L20,PA+,2,01019610102,0.0015103676358971
L20,CLEX,2,01019610102,0.0020413058357083333
L20,PA+,1,01019610102,0.0168352268272765952
L20,CLEX,3,01019610102,0.0177636569582651111
L20,PA+,2,02020805041,0.0021007875419113571
L20,PA+,1,02020805041,0.0224398532479305
L20,CLEX,1,02020805041,0.0108304769036338182
L20,CLEX,2,02020805041,0.0018378884146397778
L20,PA+,1,02020602018,0.0255898321471418
L20,PA+,0,02020602018,0.001572603770916
L20,CLEX,2,02020602018,0.0024717441695299
L20,PA+,2,02020602018,0.002322192824282875
L20,CLEX,1,02020602018,0.0158241845576658333
L20,CLEX,0,01010333742,0.0003470993375125
L20,PA+,2,01010333742,0.000049356860838
L20,PA+,1,01010333742,0.0482170699760564483
L20,CLEX,1,01010333742,0.0203423074828944375
L20,CLEX,2,01010333742,0.0001203787907235
L20,PA+,3,11111301009,0.00060127075504175
L20,CLEX,3,11111301009,0.000819717815446
L20,CLEX,0,11111301009,0.00003095736701
L20,CLEX,3,11111203025,0.00425469864273975
L20,CLEX,0,11111203025,0.0000464924414635
L20,PA+,1,01010109528,0.0131556103925724737
L20,CLEX,2,01010109528,0.0022994324081304
L20,PA+,0,01010109528,0.002544455829913
L20,CLEX,0,01010109528,0.0001652555920253333
L20,PA+,2,01010109528,0.000942644360573875
L20,PA+,3,01010109528,0.008253637945386
L20,CLEX,1,01010109528,0.0108916086081354074
L20,CLEX,1,02020707319,0.0149344860666312415
L20,CLEX,0,02020707319,0.0004495837226938333
L20,PA+,2,02020707319,0.001214560849499
L20,PA+,0,02020707319,0.0005565495398153333
L20,CLEX,2,02020707319,0.0011366785281378333
L20,PA+,1,02020707319,0.0247366590793986182
L20,CLEX,3,02020707319,0.002291652255909375
L20,PA+,3,01010330704,0.000721505133081
L20,CLEX,1,01010330704,0.0117801956131577727
L20,PA+,2,01010330704,0.0015940881166211667
L20,CLEX,0,01010330704,0.0009463019960778
L20,CLEX,2,01010330704,0.0007908307705844
L20,PA+,0,01010330704,0.0003778271688075
L20,PA+,1,01010330704,0.0229829533633304815
L20,CLEX,3,01010330704,0.0026346049797401667
L20,CLEX,0,06066103003,0.000026435504413
L20,PA+,2,02020805034,0.0002596401717785625
L20,PA+,1,02020805034,0.0223786615468530417
L20,CLEX,1,02020805034,0.02344524065105225
L20,PA+,0,02020805034,0.000509297628575
L20,CLEX,2,02020805034,0.00003687372769
L20,CLEX,0,01010201009,0.00035844089697
L20,PA+,2,01010201009,0.0014121017872605
L20,CLEX,3,01010201009,0.002998030727799875
L20,PA+,1,01010201009,0.0276556910877255172
L20,CLEX,1,01010201009,0.017708642990149225
L20,PA+,3,01010201009,0.00582642691981225
L20,PA+,0,01010201009,0.0004834419006413333
L20,CLEX,2,01010201009,0.0015900475872834286
L20,PA+,1,02020602021,0.0141226913193352829
L20,PA+,0,02020602021,0.0008344300358859167
L20,PA+,2,02020602021,0.001756749872385
L20,CLEX,1,02020602021,0.0093440223389111627
L20,CLEX,0,11119104003,0.0001453574701995
L20,CLEX,0,02020603034,0.001822351372753
L20,PA+,2,02020603034,0.00249353064456575
L20,CLEX,3,02020603034,0.0102652142993389167
L20,PA+,1,02020603034,0.0240156951205362877
L20,PA+,3,02020603034,0.0113627750423096
L20,CLEX,1,02020603034,0.0144313997440399675
L20,CLEX,2,02020603034,0.001202955511504
L20,PA+,0,02020603034,0.0042367468235531667
L20,PA+,2,01010201027,0.00073194622300975
L20,PA+,1,01010201027,0.0149273131543625556
L20,CLEX,1,01010201027,0.006731017042469234
L20,PA+,0,01010201027,0.001499131594961
L20,CLEX,2,01010201027,0.0009567400981877143
L20,PA+,3,02020813704,0.007122348925349
L20,CLEX,1,02020813704,0.0261452380601106267
L20,PA+,2,02020813704,0.0016794700339
L20,PA+,0,02020813704,0.0015293122234654
L20,CLEX,3,02020813704,0.002081685506762
L20,PA+,1,02020813704,0.0274595053782018462
L20,CLEX,3,01010331720,0.001625233251068
L20,PA+,0,02020807012,0.003046030669228
L20,CLEX,1,02020807012,0.0150931361558920476
L20,PA+,1,02020807012,0.023171810273271
L20,CLEX,1,02020806050,0.0049052306742795
L20,CLEX,3,02020806050,0.0031842045766843333
L20,PA+,1,02020806050,0.0043481213291946667
L20,PA+,0,06067502003,0.000909952936477
L20,PA+,3,01010202043,0.0053471763273146
L20,CLEX,1,01010202043,0.0184167042650186098
L20,PA+,2,01010202043,0.0013266798518928
L20,CLEX,0,01010202043,0.000353579836048
L20,CLEX,2,01010202043,0.0015407063142924
L20,CLEX,3,01010202043,0.008438101479008875
L20,PA+,1,01010202043,0.019366774583433908
L20,PA+,0,01019608122,0.000045784644194
L20,CLEX,2,01019608122,0.001494104035613
L20,PA+,3,01019608122,0.0284400277842953846
L20,CLEX,1,01019608122,0.0125542294647247
L20,CLEX,3,01019608122,0.0431824625184756364
L20,PA+,1,01019608122,0.0182883095902145965
L20,PA+,2,01019608122,0.0031753996252958333
L20,PA+,3,02020813003,0.0102187422235773
L20,CLEX,1,02020813003,0.0118837489572772813
L20,PA+,0,02020813003,0.0000823709514053333
L20,PA+,1,02020813003,0.0238399189048287
L20,CLEX,3,02020813003,0.0077976582847119
L20,PA+,3,02021003128,0.0078787746021805
L20,CLEX,1,02021003128,0.0048027190863552941
L20,PA+,2,02021003128,0.000094021780121
L20,CLEX,2,02021003128,0.0001131208349434
L20,PA+,1,02021003128,0.00694331062321425
L20,PA+,1,02021001623,0.022687835493582
L20,CLEX,2,02021001623,0.0002862213310014286
L20,PA+,2,02021001623,0.000897070975742125
L20,CLEX,1,02021001623,0.0165349385073572222
L20,CLEX,0,11111101009,0.000044814788388
L20,CLEX,3,02020801690,0.003873078379513125
L20,PA+,3,02020801690,0.00477462091629
L20,PA+,0,01010101531,0.0000619928627775
L20,CLEX,0,01010101531,0.000050708010598
L20,CLEX,1,01010101531,0.01220074659413925
L20,CLEX,2,02020902027,0.0000968917956975556
L20,CLEX,1,02020902027,0.0121447787565822759
L20,PA+,1,02020902027,0.0222803674964296643
L20,PA+,2,02020902027,0.0011785550894281667
L20,PA+,3,01010330715,0.004202030287901
L20,CLEX,1,01010330715,0.0102281262120474789
L20,PA+,2,01010330715,0.0017589699573713333
L20,CLEX,0,01010330715,0.003428455519756
L20,CLEX,2,01010330715,0.0014963486214043333
L20,PA+,0,01010330715,0.002418154243233
L20,CLEX,3,01010330715,0.0031113843288632857
L20,PA+,1,01010330715,0.0162119950248727429
L20,CLEX,2,01010108386,0.00117036736399575
L20,CLEX,1,01010108386,0.0146084506771351791
L20,PA+,3,01010108386,0.03068787989642575
L20,PA+,1,01010108386,0.0215058020365906325
L20,CLEX,3,01010108386,0.014205970816888
L20,CLEX,0,01010108386,0.001218435011351
L20,PA+,2,01010108386,0.0016146544747962
L20,PA+,1,02020603016,0.017707478573113
L20,CLEX,1,02020603016,0.0142482641087796667
L20,PA+,0,02020603016,0.000328078607634
L20,CLEX,0,01011401061,0.000167120984918
L20,CLEX,2,01019611313,0.000580620068897
L20,CLEX,1,01019611313,0.015804172075192
L20,CLEX,3,01019611313,0.004054841053726875
L20,PA+,1,01019611313,0.0201371390984703333
L20,CLEX,1,01010330719,0.009260509130352375
L20,PA+,0,01010330719,0.000071340158412
L20,CLEX,3,01010330719,0.0026425577183228571
L20,PA+,1,01010330719,0.0162119726959418889
L20,PA+,0,02020601005,0.001961471971195
L20,CLEX,1,02020601005,0.0086441905354968571
L20,PA+,1,02020601005,0.0128375858022274
L20,PA+,2,02020601005,0.0002144094242976667
L20,CLEX,2,01019611067,0.006462140992167
L20,CLEX,1,01019611067,0.0117159171463113521
L20,PA+,3,01019611067,0.006277932199709
L20,PA+,1,01019611067,0.0144487584757907843
L20,CLEX,3,01019611067,0.0062799727039895
L20,PA+,2,01019611067,0.0015476868363645
L20,CLEX,2,02020902005,0.0018817640564566
L20,CLEX,1,02020902005,0.0208477360434181667
L20,PA+,3,02020902005,0.015583064192813
L20,CLEX,3,02020902005,0.011142061281337
L20,PA+,1,02020902005,0.0297684103455467647
L20,PA+,2,02020902005,0.0027308977693731667
L20,CLEX,1,02020902001,0.0115846399410008846
L20,PA+,1,02020902001,0.0142008105328137121
L20,CLEX,2,11111302007,0.000030592392747
L20,PA+,2,02020801005,0.0003312819411029
L20,PA+,1,02020801005,0.0107915924674200222
L20,CLEX,1,02020801005,0.0090242194074301132
L20,CLEX,2,02020801005,0.0008503742713216
L20,CLEX,0,11111201014,0.000122318010659
L20,CLEX,2,01010108599,0.00006947007628325
L20,CLEX,1,01010108599,0.0230705739575403333
L20,PA+,1,01010108599,0.0279781191942068462
L20,PA+,2,01010108599,0.0002448046979676
L20,CLEX,0,01010108599,0.000422664964993
L20,CLEX,3,01010331724,0.00221043715677775
L20,PA+,1,01010331724,0.0185166523576466667
L20,PA+,2,01010331724,0.000148367952522
L20,CLEX,0,01010202036,0.000018653270449
L20,PA+,0,01010331728,0.000248844528809
L20,CLEX,1,01010331728,0.0103234099812693333
L20,CLEX,3,01010331728,0.0019938915629288571
L20,PA+,1,01010331728,0.0134977113583201818
L20,PA+,1,02020804072,0.0205651823669996
L20,CLEX,1,02020804072,0.0178106484313949
L20,CLEX,2,01010108508,0.001181507824648125
L20,CLEX,1,01010108508,0.0162360498081112381
L20,PA+,1,01010108508,0.0199014026986981667
L20,CLEX,3,01010108508,0.004154696114565125
L20,CLEX,0,01010108508,0.003974808113621
L20,PA+,2,01010108508,0.0004612886329451
L20,CLEX,0,01010201034,0.0005925919142805
L20,PA+,1,01010201034,0.0222048312840264063
L20,CLEX,3,01010201034,0.002047506732014
L20,CLEX,1,01010201034,0.016156891135012325
L20,PA+,0,01010201034,0.000861980115341
L20,PA+,2,02020603610,0.0012447174544683333
L20,PA+,1,02020603610,0.020179978332351
L20,CLEX,1,02020603610,0.015900302744326
L20,CLEX,2,02020603610,0.0000602816177505
L20,PA+,0,02020603610,0.0035157925459536667
L20,CLEX,2,01019604030,0.001565309856682
L20,PA+,0,01019604030,0.000839345253797
L20,CLEX,1,01019604030,0.0140339165884905781
L20,PA+,3,01019604030,0.0309950628011888
L20,PA+,1,01019604030,0.0161292756527014021
L20,CLEX,0,01019604030,0.000287038340146
L20,PA+,2,01019604030,0.0027952205215613333
L20,CLEX,3,11111201043,0.002084443469266
L20,PA+,1,11111301005,0.01053120057289225
L20,CLEX,0,11111301005,0.00014052557609
L20,CLEX,0,01011401083,0.000076097268126
L20,PA+,2,01011401083,0.0000871445120105
L20,CLEX,2,01011401083,0.0001213447396405
L20,PA+,0,01011401083,0.000356671860039
L20,PA+,2,02021002944,0.0000587919028027143
L20,PA+,1,02021002944,0.0276420364856092857
L20,CLEX,2,02021002944,0.000030689969925
L20,CLEX,3,01010332737,0.0021409012778685
L20,PA+,1,01010332737,0.0142317288463497273
L20,PA+,0,01010332737,0.001716897991303
L20,CLEX,1,01010332737,0.0169026210270294
L20,PA+,0,01019614319,0.0001748313998493333
L20,PA+,1,01019614319,0.036722854130699
L20,CLEX,3,06068305025,0.002177189613807
L20,CLEX,3,02020905042,0.011864989461645
L20,PA+,1,02020905042,0.0144292103631962083
L20,PA+,3,02020905042,0.0104688752772237
L20,CLEX,1,02020905042,0.0134858205895855789
L20,PA+,0,02020804071,0.001148256824202
L20,CLEX,1,02020804071,0.0101727931480105
L20,PA+,1,02020804071,0.0180739632122607931
L20,PA+,2,02020905039,0.00246354073450175
L20,CLEX,3,02020905039,0.0182069905121177273
L20,PA+,1,02020905039,0.0298800790425661402
L20,PA+,3,02020905039,0.0112453348478818182
L20,CLEX,1,02020905039,0.0219675386041429851
L20,CLEX,2,02020905039,0.0023663335369456875
L20,CLEX,0,13139001006,0.0002267935677225
L20,PA+,1,01011404055,0.0091932636708197143
L20,CLEX,2,01011404055,0.00085560075434625
L20,CLEX,0,01011404055,0.000639541951706
L20,PA+,2,01011404055,0.001148608319616
L20,CLEX,1,01011404055,0.0080247208872963846
L20,CLEX,0,01010202017,0.0002158204203025
L20,CLEX,3,01010202017,0.005117479190517875
L20,PA+,1,01010202017,0.0287679850854094615
L20,CLEX,1,01010202017,0.0213544415781428871
L20,PA+,3,01010202017,0.0055942029527448333
L20,PA+,1,02020702011,0.0159121415547548806
L20,PA+,0,02020702011,0.0004650735234095
L20,CLEX,2,02020702011,0.000880234729261
L20,CLEX,0,02020702011,0.000586883993182
L20,CLEX,1,02020702011,0.0080338152420031702
L20,CLEX,2,01010109530,0.0016022867083417
L20,CLEX,1,01010109530,0.0107957710679144495
L20,PA+,3,01010109530,0.005669103386543
L20,PA+,1,01010109530,0.0149552168539122706
L20,PA+,2,01010109530,0.0003672632753526667
L20,CLEX,0,01010109530,0.000421374425966
L20,CLEX,2,02020805044,0.002242260328455
L20,CLEX,0,02020805044,0.000668016500703
L20,CLEX,1,02020805044,0.007022448249088125
L20,PA+,1,02020813002,0.0239393421467525185
L20,CLEX,3,02020813002,0.0082495585576225
L20,CLEX,1,02020813002,0.0118925131522108
L20,PA+,3,02020813002,0.0117956814444971
L20,PA+,0,02020813002,0.000080144498234
L20,CLEX,1,02020807026,0.0092051075023682857
L20,PA+,1,02020807026,0.0329079041538187143
L20,PA+,3,01010104590,0.0022306197367241
L20,PA+,0,01010104590,0.0005357691992131667
L20,PA+,1,01010104590,0.00560668215018425
L20,CLEX,3,01019613125,0.0125223877233555833
L20,PA+,1,01019613125,0.0137127688230235
L20,CLEX,2,01019613125,0.001688325396775
L20,PA+,0,01019613125,0.0013651528145965
L20,PA+,2,01019613125,0.0012535496686193333
L20,PA+,3,01019613125,0.0099424889027914444
L20,CLEX,1,01019613125,0.0119058405329497429
L20,PA+,3,02020902011,0.029093171054196
L20,CLEX,3,02020902011,0.0017093963137415
L20,CLEX,1,02020601008,0.0151276072870504737
L20,PA+,3,02020601008,0.0124839159968915
L20,PA+,2,02020601008,0.0021465837048117143
L20,CLEX,2,02020601008,0.0013302400259158889
L20,PA+,0,02020601008,0.00399068624183325
L20,CLEX,3,02020601008,0.0113222863129585
L20,PA+,1,02020601008,0.0279362187732763182
L20,PA+,0,02020602020,0.0026399223002855
L20,CLEX,1,02020602020,0.0092888940541113333
L20,PA+,1,02020602020,0.0217729553340962143
L20,PA+,3,01010335749,0.0249400446543602105
L20,CLEX,1,01010335749,0.0100858220383347972
L20,CLEX,0,01010335749,0.00269073522879975
L20,PA+,2,01010335749,0.001404816555199625
L20,CLEX,2,01010335749,0.0010802927391265
L20,PA+,0,01010335749,0.000263460227411
L20,CLEX,3,01010335749,0.0043649776924535
L20,PA+,1,01010335749,0.0155177346897536009
L20,CLEX,0,06069809002,0.000023478901946
L20,CLEX,1,01010331730,0.0110599227841541034
L20,CLEX,0,01010331730,0.000759839733332
L20,PA+,0,01010331730,0.00048694218598
L20,CLEX,2,01010331730,0.001137376694532
L20,CLEX,3,01010331730,0.0018928417936923333
L20,PA+,2,01019614318,0.0008665552871995
L20,PA+,1,01019614318,0.0199799879787115217
L20,CLEX,1,01019614318,0.0246433698022533793
L20,CLEX,2,01019614318,0.0004144387560292857
L20,PA+,0,01019614318,0.0010249034621070833
L20,CLEX,0,01010330703,0.00210597920923025
L20,PA+,2,01010330703,0.0014490828025564
L20,PA+,1,01010330703,0.0187289564874956264
L20,CLEX,3,01010330703,0.0181092100505124545
L20,PA+,3,01010330703,0.01054794898210325
L20,CLEX,1,01010330703,0.0163618038579833483
L20,PA+,0,01010330703,0.001068073617747
L20,CLEX,2,01010330703,0.0015375478465885714
L20,CLEX,1,02020601011,0.011274339377702086
L20,PA+,0,02020601011,0.0030818747689608571
L20,PA+,1,02020601011,0.0216748129516361053
L20,PA+,1,01011401064,0.01226618235341595
L20,CLEX,1,01011401064,0.0096087778111508824
L20,CLEX,2,11111302006,0.000041616678421
L20,CLEX,0,11111302006,0.000025485129514
L20,PA+,1,01011404051,0.052121771217712
L20,CLEX,2,01011404051,0.000584342441361
L20,PA+,2,01011404051,0.0008873681369372857
L20,CLEX,0,01011404051,0.0003735632815925
L20,CLEX,1,01011404051,0.0158182281585744167
L20,CLEX,1,01011403035,0.0098296580479592
L20,CLEX,0,01011403035,0.000127076536208
L20,CLEX,1,01010331727,0.0069402435006737586
L20,CLEX,2,01010331727,0.000799169905762
L20,CLEX,3,01010331727,0.00223304287222525
L20,PA+,1,01010331727,0.0129690906848032727
L20,PA+,0,01010332736,0.0005815508251285
L20,CLEX,2,01010332736,0.0007709584125865
L20,CLEX,1,01010332736,0.0175373077081750159
L20,CLEX,3,01010332736,0.0020925296880736
L20,PA+,1,01010332736,0.0241100707389655897
L20,CLEX,0,01010332736,0.00068289063288475
L20,PA+,2,01010332736,0.0009792169506345
L20,PA+,2,02020806039,0.0000591949942245
L20,CLEX,1,02020806039,0.0248781972710691429
L20,PA+,1,02020806042,0.0692100453592502308
L20,CLEX,1,02020902022,0.0067053798481911667
L20,PA+,3,02020902022,0.0102925000395556
L20,PA+,1,02020902022,0.0087060756178754444
L20,CLEX,3,02020902022,0.0090697891879476667
L20,PA+,2,02020813060,0.003081591049163
L20,PA+,1,02020813060,0.0190119525317666585
L20,CLEX,1,02020813060,0.01546108486795115
L20,PA+,0,02020813060,0.0000947632746883333
L20,CLEX,2,01010332732,0.0001303225374828333
L20,CLEX,1,01010332732,0.0199697652964161739
L20,PA+,1,01010332732,0.0219598949944087895
L20,PA+,2,01010332732,0.0003812846295171
L20,CLEX,0,01010207011,0.00025549386176
L20,CLEX,0,01011401024,0.0009351798676016667
L20,PA+,1,01011401024,0.0223858584872746667
L20,CLEX,1,01011401024,0.0165400134455703333
L20,CLEX,2,02020808028,0.000312280222952
L20,CLEX,1,02020808028,0.0071050738289972
L20,PA+,1,02020808028,0.01848897652394725
L20,PA+,2,02020808028,0.0008975787037373
L20,PA+,1,02020805040,0.0167183996588155116
L20,CLEX,1,02020805040,0.0091265030128968214
L20,CLEX,0,06066104011,0.000111655222586
L20,CLEX,0,06066103002,0.00015409116388
L20,CLEX,3,01010337756,0.0066532064192906667
L20,PA+,3,01010337756,0.0223329600736945
L20,PA+,0,02020808031,0.000809267021942
L20,PA+,1,02020808031,0.0226085525498886765
L20,PA+,2,02020808031,0.0017976492219903333
L20,PA+,3,01010108507,0.004436022223179
L20,CLEX,1,01010108507,0.0085040572933747368
L20,PA+,0,01010108507,0.000350777217447
L20,PA+,1,01010108507,0.0134814154794754545
L20,CLEX,3,01010108507,0.002276614497638
L20,PA+,1,01010201011,0.0157766739009924286
L20,CLEX,3,01010201011,0.00161018479504
L20,CLEX,2,01010201011,0.0002724890178856
L20,PA+,0,01010201011,0.000343863521775
L20,PA+,2,01010201011,0.000628643014015
L20,CLEX,0,01010201011,0.000210614446342
L20,CLEX,1,01010201011,0.0239399970921348065
L20,PA+,1,01019613154,0.0139749096785524471
L20,CLEX,3,01019613154,0.012113895714966
L20,PA+,0,01019613154,0.000192670624481
L20,CLEX,2,01019613154,0.0018291535154143333
L20,PA+,2,01019613154,0.002626975013322
L20,CLEX,0,01019613154,0.004098649598208
L20,CLEX,1,01019613154,0.0113017252562157326
L20,PA+,3,01019613154,0.0079325934601303333
L20,CLEX,1,02020902008,0.01000953352741955
L20,CLEX,2,02020902008,0.00168384773834
L20,PA+,1,02020902008,0.0181243050798070833
L20,PA+,1,01010201022,0.0108692976263745556
L20,CLEX,3,01010201022,0.0029755060160491429
L20,CLEX,1,01010201022,0.0068641206415882105
L20,PA+,2,01010202042,0.0026013632907925455
L20,CLEX,0,01010202042,0.0005692624765613333
L20,CLEX,3,01010202042,0.0194034248324608889
L20,PA+,1,01010202042,0.0191595637694612798
L20,PA+,3,01010202042,0.0133036288362036154
L20,CLEX,1,01010202042,0.0159058808690360497
L20,CLEX,2,01010202042,0.00273204109248325
L20,PA+,2,02020806013,0.000892249214726875
L20,CLEX,0,02020806013,0.000516147124372
L20,PA+,1,02020806013,0.0272082067741605652
L20,CLEX,1,02020806013,0.0182747164369266167
L20,CLEX,2,02020806013,0.0018244754249642941
L20,PA+,0,01010336754,0.00008325768439
L20,CLEX,2,01010336754,0.0012161185271413333
L20,CLEX,1,01010336754,0.0119925917864982826
L20,PA+,3,01010336754,0.0341077666558248
L20,PA+,1,01010336754,0.0171138797591825732
L20,CLEX,3,01010336754,0.0204272052168765556
L20,PA+,2,01010336754,0.001418180674299
L20,CLEX,1,02020801004,0.0099442229278198
L20,CLEX,1,01019611059,0.031459987782529
L20,PA+,0,01019611059,0.000052758464171
L20,CLEX,3,01019611059,0.00181018877683
L20,PA+,2,02020813006,0.001090821318826
L20,PA+,1,02020813006,0.0183370909372086486
L20,CLEX,1,02020813006,0.0124763882883048478
L20,CLEX,2,02020813006,0.000989294728597
L20,PA+,0,02020813006,0.0000919432797826667
L20,CLEX,0,01010330710,0.000250177716691
L20,PA+,2,01010330710,0.0007908807014082222
L20,CLEX,3,01010330710,0.00422922785788575
L20,PA+,1,01010330710,0.014668972778399918
L20,CLEX,1,01010330710,0.0110850859756186563
L20,CLEX,2,01010330710,0.0008510363201554444
L20,CLEX,0,01010330714,0.000038967629208
L20,PA+,1,01010330714,0.017835251925271625
L20,PA+,0,01010330714,0.00015303711590075
L20,PA+,2,02020807011,0.002246181491465
L20,PA+,0,02020807011,0.000457208995869
L20,PA+,1,02020807011,0.017131594906004
L20,CLEX,0,11111203035,0.0002928592667635
L20,CLEX,1,01010108594,0.0146605902791781892
L20,CLEX,0,01010108594,0.001603813970008
L20,PA+,2,01010108594,0.0025652904292463333
L20,CLEX,2,01010108594,0.0003777880891855
L20,PA+,1,01010108594,0.0201567564107872353
L20,CLEX,3,01010330707,0.005054092581619
L20,PA+,3,01010330707,0.0052422143158923333
L20,CLEX,1,01010330707,0.003511944164371
L20,PA+,3,01010331723,0.00531117411765675
L20,CLEX,1,01010331723,0.0093692826023648621
L20,PA+,2,01010331723,0.000267640123354
L20,PA+,1,01010331723,0.0053293763603265
L20,CLEX,3,01010331723,0.005370577160017875
L20,PA+,0,02020808020,0.000046743198153
L20,CLEX,1,02020808020,0.0066389501647707826
L20,PA+,1,02020808020,0.0153236144943671429
L20,CLEX,3,02020808020,0.0017759700763035
L20,PA+,2,02020808020,0.0030900986963843333
L20,CLEX,3,02020809077,0.0139729021038565833
L20,PA+,1,02020809077,0.024577056151392202
L20,CLEX,0,02020809077,0.000421228892685
L20,PA+,3,02020809077,0.008723632167802
L20,CLEX,1,02020809077,0.0189225908800115263
L20,CLEX,0,01011403039,0.000026531050771
L20,PA+,1,01010201008,0.0180125807259730139
L20,CLEX,2,01010201008,0.001484714115123
L20,PA+,0,01010201008,0.0007395598396515
L20,PA+,2,01010201008,0.00064699691008
L20,CLEX,0,01010201008,0.00053590356617375
L20,CLEX,1,01010201008,0.0108053320573148543
L20,PA+,1,02021002943,0.0183604553165892667
L20,CLEX,2,02021002943,0.000065608019788
L20,PA+,0,02021002943,0.000076414967416
L20,CLEX,0,02021002943,0.0001315989609295
L20,PA+,2,02021002943,0.000170306060155
L20,PA+,3,02021002943,0.005619933356542
L20,CLEX,1,02021002943,0.008283325333865
L20,CLEX,1,01010333741,0.05678059536935
L20,CLEX,3,11111202903,0.0017766807303245
L20,CLEX,0,01010330718,0.0005380305881505
L20,PA+,1,01010330718,0.008335648791331
L20,CLEX,1,01010330718,0.0088887297182931667
L20,PA+,0,01010330718,0.000341835040408
L20,CLEX,3,06068306004,0.0036638839242735714
L20,PA+,1,02020603033,0.0350049730100236667
L20,PA+,0,02020603033,0.0001672465898466667
L20,CLEX,2,02020603033,0.000030117239555
L20,PA+,2,02020603033,0.0003483184689255
L20,PA+,3,02021001622,0.0015781330888575
L20,CLEX,3,02020804064,0.001708476411185
L20,CLEX,1,01010108503,0.0264833927881319744
L20,CLEX,0,01010108503,0.001314391381782
L20,PA+,2,01010108503,0.0007103863812856667
L20,CLEX,2,01010108503,0.000746852641024
L20,PA+,0,01010108503,0.000942968179988125
L20,PA+,1,01010108503,0.0233234932032828974
L20,PA+,0,01010109596,0.000459360992682
L20,CLEX,2,01010109596,0.000165515137703
L20,CLEX,1,01010109596,0.0122028327944972963
L20,PA+,1,01010109596,0.0073483455618779459
L20,PA+,2,01010109596,0.0001850780162
L20,CLEX,0,11111102006,0.000441864384208
L20,CLEX,1,01019611316,0.0105831189390206667
L20,CLEX,3,01019611316,0.0018992249187844286
L20,PA+,1,01019611316,0.013096993723253125
L20,CLEX,0,01010206002,0.000099341700506
L20,PA+,2,01010206002,0.0010916661474088889
L20,CLEX,3,01010206002,0.008816625823392
L20,PA+,1,01010206002,0.0193887657451266279
L20,CLEX,1,01010206002,0.0153541863975322951
L20,PA+,3,01010206002,0.0088351495105157778
L20,CLEX,2,01010206002,0.0007932201551608
L20,PA+,0,01010206002,0.000066659865193
L20,PA+,1,01010201033,0.0254464467250412
L20,CLEX,3,01010201033,0.002088747879005
L20,CLEX,0,01010201033,0.000097826866623
L20,CLEX,1,01010201033,0.0145935057830140588
L20,PA+,1,02020603040,0.0194959345166822547
L20,CLEX,3,02020603040,0.0057110712535346667
L20,CLEX,2,02020603040,0.00172598835588125
L20,PA+,0,02020603040,0.001678146544079
L20,PA+,2,02020603040,0.002051394149323
L20,PA+,3,02020603040,0.009388862569447
L20,CLEX,1,02020603040,0.0137179869446226261
L20,CLEX,3,01010201019,0.00541151522982025
L20,PA+,1,01010201019,0.0230090082235905789
L20,CLEX,2,01010201019,0.0008536227999483333
L20,PA+,0,01010201019,0.0005450132748276667
L20,CLEX,0,01010201019,0.0006326986052613333
L20,PA+,2,01010201019,0.001212265834912
L20,CLEX,1,01010201019,0.0131433183026541094
L20,PA+,3,01010201019,0.00551733015795075
L20,PA+,2,01010202035,0.000256243292455
L20,PA+,1,01010202035,0.0245044796261085
L20,CLEX,1,01010202035,0.0140379521330293277
L20,PA+,0,01010202035,0.000508482439163
L20,CLEX,3,01010108600,0.0019657949189156667
L20,PA+,1,01010108600,0.021127930663765193
L20,PA+,0,01010108600,0.0022846398412933
L20,CLEX,2,01010108600,0.0002073090435391667
L20,PA+,2,01010108600,0.000435755414419
L20,CLEX,0,01010108600,0.000252013211097
L20,CLEX,1,01010108600,0.0244516560844912824
L20,PA+,3,01010108600,0.0110755202058193333
L20,CLEX,1,02020801691,0.0073303052690231667
L20,PA+,1,02020801691,0.0168633693392254375
L20,PA+,2,01010332734,0.0008604029364115
L20,CLEX,3,01010332734,0.0024898405724704444
L20,PA+,1,01010332734,0.0244861601365201714
L20,PA+,3,01010332734,0.0044514442354798
L20,CLEX,1,01010332734,0.0153459760680558333
L20,CLEX,2,01010332734,0.0003911247949023333
L20,PA+,0,01010332734,0.000032621354487
L20,CLEX,3,01010108509,0.001658072072894
L20,PA+,1,01010108509,0.0177800672626818824
L20,PA+,0,01010108509,0.0003472681111
L20,CLEX,2,01010108509,0.000456337029793
L20,PA+,2,01010108509,0.0000770818438896667
L20,CLEX,1,01010108509,0.0186384397271068889
L20,CLEX,0,11115801022,0.000028294827178
L20,CLEX,1,02020812075,0.0070141059129917755
L20,CLEX,0,02020812075,0.0008660696847335
L20,PA+,2,02020812075,0.00225461910312
L20,CLEX,3,02020812075,0.0020661889319006
L20,PA+,1,02020812075,0.0143244123547284341
L20,CLEX,0,11111102011,0.000021030648055
L20,PA+,3,01011404053,0.042204819406892
L20,CLEX,1,01011404053,0.0137627697114423351
L20,PA+,2,01011404053,0.002371033833455
L20,CLEX,2,01011404053,0.0015789591799544286
L20,PA+,1,01011404053,0.0192508608916986703
L20,CLEX,0,02020903026,0.00001901902085
L20,CLEX,0,06065904008,0.000029713879894
L20,PA+,1,01010330709,0.02322379302982375
L20,PA+,2,01010330709,0.000110173254363
L20,PA+,2,01011402057,0.000317636218241
L20,CLEX,0,01011402057,0.000238869261166
L20,CLEX,1,01011402057,0.0101977572355150714
L20,PA+,1,01019608127,0.0333243874871811739
L20,PA+,0,01019608127,0.002451695162395
L20,CLEX,0,01019608127,0.0013843972891026667
L20,PA+,2,01019608127,0.0005359132963231667
L20,CLEX,1,01019608127,0.01784977410356625
L20,PA+,3,02020907686,0.003815438318772
L20,PA+,0,02020907686,0.000059429074583
L20,PA+,2,01010109518,0.0005151151286956667
L20,PA+,1,01010109518,0.0278959656481639677
L20,CLEX,1,01010109518,0.0225827240506748431
L20,PA+,0,01010109518,0.001723615283056
L20,CLEX,2,01010109518,0.000627397694747
L20,CLEX,1,01010330712,0.0085381954393046
L20,PA+,1,01010330712,0.0120343620346976154
L20,CLEX,3,01010330712,0.0027573766924286
L20,PA+,2,01010330712,0.000483625924304
L20,PA+,1,01010335747,0.009012647860620037
L20,CLEX,3,01010335747,0.0065714475295518889
L20,CLEX,1,01010335747,0.0093953623044672535
L20,PA+,3,01010335747,0.0135669300611222
L20,CLEX,0,11111203037,0.00036053158321
L20,CLEX,1,02020809053,0.0160077097707145588
L20,PA+,3,02020809053,0.004764623206711
L20,PA+,2,02020809053,0.002835664772779
L20,PA+,0,02020809053,0.002365378722628
L20,PA+,1,02020809053,0.0336335591983120645
L20,CLEX,3,02020809053,0.0033509584778462
L20,PA+,2,02020602022,0.000686272715627
L20,PA+,1,02020602022,0.01980444292388268
L20,CLEX,3,02020602022,0.0072985110154556
L20,CLEX,1,02020602022,0.012619311616715087
L20,PA+,3,02020602022,0.0102488207718202727
L20,CLEX,2,02020602022,0.0011785645717358
L20,PA+,0,02020602022,0.0019084314301839524
L20,PA+,0,02020813701,0.0005063488993252
L20,CLEX,1,02020813701,0.0215566110013762708
L20,PA+,1,02020813701,0.0267870169230750729
L20,PA+,2,02020813701,0.0044032981013334
L20,PA+,2,02020808011,0.002131506161987
L20,PA+,1,02020808011,0.0396514673979424
L20,CLEX,3,06066103004,0.0018471419448041667
L20,CLEX,3,02020902017,0.0032905458244302941
L20,CLEX,0,02020902017,0.000038769542501
L20,PA+,3,02020902017,0.0118055310260955
L20,CLEX,0,01010101598,0.0003525041175155
L20,PA+,1,01010101598,0.0071164857342460769
L20,CLEX,1,01010101598,0.01272809943332575
L20,PA+,3,01010101598,0.0083359866843115
L20,PA+,0,01010101598,0.0031083240848579091
L20,CLEX,1,02020805039,0.009671296558935
L20,PA+,2,02020805039,0.0005873315361838
L20,CLEX,0,02020805039,0.000091387019458
L20,CLEX,2,02020805039,0.0013348976712364
L20,PA+,1,02020805039,0.0117975218658689474
L20,CLEX,3,01019604163,0.0200500051740275556
L20,PA+,1,01019604163,0.0176911212928020781
L20,PA+,0,01019604163,0.003560612311508
L20,CLEX,2,01019604163,0.0018355019158902727
L20,PA+,2,01019604163,0.0014069143888474444
L20,CLEX,0,01019604163,0.001462793069516
L20,CLEX,1,01019604163,0.016144230075923717
L20,PA+,3,01019604163,0.0108541371549319
L20,PA+,0,01011401019,0.000260490684298
L20,CLEX,0,01011401019,0.0002015378794765
L20,CLEX,1,02020603013,0.018321334946989
L20,PA+,3,02020603013,0.0055993165590211429
L20,PA+,2,02020603013,0.000748644694949
L20,PA+,0,02020603013,0.00049549342794075
L20,CLEX,3,02020603013,0.0020239842462281111
L20,PA+,1,02020603013,0.016580347298408631
L20,PA+,0,02020813004,0.000396340800528
L20,CLEX,1,02020813004,0.0113069636613935536
L20,PA+,1,02020813004,0.0166307856742552769
L20,CLEX,3,02020813004,0.0022651177548191
L20,CLEX,0,02020813004,0.000839979819485
L20,PA+,2,02020813004,0.0020795920107345
L20,CLEX,0,06066102017,0.000189918229072
L20,CLEX,1,01010107206,0.007567994761642
L20,PA+,1,01010109529,0.0283698293520103889
L20,CLEX,1,01010109529,0.0090319734899177778
L20,CLEX,2,01010109529,0.000068459140725
L20,CLEX,1,01010202037,0.0149687607611774167
L20,PA+,1,01010202037,0.0161329477903643077
L20,CLEX,1,02021002002,0.0140245559885676429
L20,CLEX,0,02021002002,0.000151350024006
L20,PA+,1,02021002002,0.0142396267012164
L20,PA+,2,11111302004,0.0000566652232263333
L20,PA+,1,11111302004,0.007403063842263
L20,CLEX,1,11111302004,0.0065866307188485
L20,CLEX,2,11111302004,0.000101147821064
L20,CLEX,0,11111301006,0.000047479557268
L20,PA+,0,01010104592,0.000397612821712
L20,CLEX,0,01010104592,0.0000789586578565
L20,CLEX,1,01010104592,0.0057841120085975
L20,CLEX,0,01011403037,0.0000956375109336667
L20,CLEX,1,01011403037,0.0087289417373125
L20,PA+,0,01011403037,0.000053190026804
L20,CLEX,0,02020602044,0.000799326172906
L20,PA+,1,02020602044,0.0227273394791564375
L20,PA+,3,02020602044,0.0196125048778383333
L20,PA+,2,02020701004,0.0005061971703297143
L20,CLEX,0,02020701004,0.0006308549803435
L20,PA+,1,02020701004,0.0105871825787121169
L20,CLEX,1,02020701004,0.0115229165970459765
L20,PA+,3,02020701004,0.007758903713655
L20,PA+,0,02020701004,0.0005719760988336429
L20,CLEX,0,06066403002,0.000382068039042
L20,CLEX,2,01011401015,0.001734394994477
L20,PA+,0,01011401015,0.0010482491556556667
L20,CLEX,1,01011401015,0.0149496550695636143
L20,PA+,1,01011401015,0.0204768189857032545
L20,CLEX,0,01011401015,0.0006793788721976
L20,PA+,2,01011401015,0.001177266306349
L20,PA+,2,02020602026,0.00213791015480525
L20,PA+,1,02020602026,0.0238679482756026667
L20,CLEX,1,02020602026,0.0088662248237006667
L20,PA+,0,02020602026,0.004894828690065
L20,CLEX,2,02020602026,0.0019403050109871111
L20,PA+,1,01019611064,0.0218438076982902581
L20,CLEX,3,01019611064,0.00236231499798125
L20,CLEX,2,01019611064,0.001053602555777
L20,CLEX,1,01019611064,0.0101203575632997778
L20,CLEX,0,01011402060,0.0001614598555375
L20,PA+,1,02020902006,0.0149762231253809592
L20,PA+,3,02020902006,0.0012930602458895
L20,CLEX,1,02020902006,0.00900321205113815
L20,PA+,1,02020601002,0.0266711477008299804
L20,CLEX,3,02020601002,0.0252269198141803333
L20,CLEX,2,02020601002,0.00265809047384425
L20,PA+,0,02020601002,0.0091627491919216
L20,PA+,2,02020601002,0.002065582190101
L20,CLEX,0,02020601002,0.000640134620766
L20,PA+,3,02020601002,0.0522009282322975
L20,CLEX,1,02020601002,0.0179135663353990313
L20,CLEX,2,01010330705,0.0001801377895900909
L20,CLEX,1,01010330705,0.0116081123639551034
L20,PA+,3,01010330705,0.00561868673751075
L20,CLEX,3,01010330705,0.00794590748962125
L20,PA+,1,01010330705,0.0099443004700023333
L20,PA+,2,01010330705,0.0002517807341624286
L20,CLEX,0,01010330705,0.000362239961
L20,PA+,1,02020601006,0.014338385907415
L20,PA+,0,02020601006,0.0001860487713875714
L20,CLEX,0,01010101565,0.000844871785582
L20,PA+,0,01010101565,0.00004327987996
L20,CLEX,1,01010201006,0.016859052247874
L20,CLEX,0,01010201006,0.000060165940957
L20,PA+,2,01010201006,0.001808014444054
L20,PA+,1,01010201006,0.0304174997048228182
L20,CLEX,1,01010201013,0.0145910333775175789
L20,CLEX,0,01010201013,0.0004850556452515
L20,PA+,2,01010201013,0.0009032727899645
L20,PA+,0,01010201013,0.0011911925126705
L20,CLEX,2,01010201013,0.0003258247007502857
L20,PA+,1,01010201013,0.0188057314607354474
L20,CLEX,3,01010201013,0.001655330163125
L20,CLEX,0,02020804059,0.0001250951853573333
L20,PA+,2,02020804059,0.0002474000209134
L20,PA+,1,02020804059,0.0173402627554254138
L20,CLEX,1,02020804059,0.0111349942454943333
L20,CLEX,2,02020804059,0.0000677172272952857
L20,PA+,0,02020804059,0.001336449004593
L20,CLEX,1,01010333743,0.0225932121642205
L20,PA+,1,01010333743,0.0246082373922193846
L20,PA+,1,01010335750,0.0285870175846562581
L20,PA+,2,01010335750,0.001758628269949
L20,CLEX,1,01010335750,0.0146842904427568409
L20,PA+,2,02020603039,0.0008270183239785
L20,PA+,0,02020603039,0.0014512464887475
L20,PA+,1,02020603039,0.009120896818177
L20,PA+,0,01010334745,0.0004786790617345
L20,CLEX,2,01010334745,0.0004445724546211429
L20,CLEX,1,01010334745,0.0145720165721385952
L20,PA+,3,01010334745,0.000501572656741
L20,PA+,1,01010334745,0.0200536769003224094
L20,CLEX,0,01010334745,0.0009557251940322
L20,PA+,2,01010334745,0.0011844003981245
L20,CLEX,0,11111202042,0.000046450300921
L20,CLEX,3,01010331721,0.00191270538066
L20,CLEX,1,01010331721,0.0114201403819228
L20,CLEX,0,01011403033,0.0002187858615054
L20,PA+,2,01011403033,0.000282952608457
L20,PA+,1,01011403033,0.005136106831022
L20,CLEX,1,01011403033,0.0064113934179241
L20,PA+,0,01011403033,0.0002752032449178182
L20,CLEX,2,01011403033,0.00027124928233825
L20,CLEX,1,02020809057,0.0170229818506869504
L20,PA+,2,02020809057,0.0022357529071229
L20,PA+,0,02020809057,0.001446602742075
L20,CLEX,2,02020809057,0.0014148976650708824
L20,PA+,1,02020809057,0.0305210408085611461
L20,CLEX,3,02020809057,0.00238068946933575
L20,CLEX,1,01010201024,0.014559154700592125
L20,PA+,2,01010201024,0.0002803321954714286
L20,CLEX,0,01010201024,0.0002694172407475
L20,PA+,0,01010201024,0.000333340245681
L20,CLEX,2,01010201024,0.000327278288301
L20,CLEX,2,01019610099,0.0001833191404483333
L20,PA+,1,01019610099,0.0241875330309554545
L20,PA+,2,01019610099,0.0002234841944274
L20,CLEX,3,01010108398,0.0019441591591586
L20,PA+,1,01010108398,0.0259862540274721071
L20,PA+,0,01010108398,0.003625286257823
L20,CLEX,2,01010108398,0.0007016119684054444
L20,PA+,2,01010108398,0.0037908557520694
L20,CLEX,1,01010108398,0.0178435998885019423
L20,PA+,3,01010108398,0.00558437265992775
L20,PA+,2,02020602019,0.0029191755447151111
L20,PA+,1,02020602019,0.0177218659007613667
L20,CLEX,1,02020602019,0.01137044006243032
L20,CLEX,2,02020602019,0.0027635994450706667
L20,PA+,0,02020601028,0.0001729087226901818
L20,PA+,1,02020806037,0.028602285290976
L20,PA+,2,02020806037,0.000126403682199
L20,PA+,1,02021001620,0.0311520035156612
L20,CLEX,1,02021001620,0.0073620773161634118
L20,CLEX,1,01010201028,0.0114539758934908291
L20,PA+,3,01010201028,0.0061583871038759
L20,CLEX,0,01010201028,0.0003719337278758182
L20,PA+,2,01010201028,0.0014293136401365
L20,PA+,0,01010201028,0.000558355946878
L20,CLEX,2,01010201028,0.0009187178353925
L20,PA+,1,01010201028,0.0198672334383579091
L20,CLEX,3,01010201028,0.0094805862447705
L20,CLEX,0,01010332738,0.000499070576658
L20,PA+,1,01010332738,0.015198978999884
L20,CLEX,1,01010332738,0.0215374487864178
L20,PA+,1,01010206004,0.014957973695087
L20,CLEX,3,01010206004,0.0016997888274803333
L20,CLEX,1,02020804066,0.0111578932107543529
L20,CLEX,2,01019614048,0.0005686985991975
L20,CLEX,1,01019614048,0.0221726968518871923
L20,PA+,1,01019614048,0.0296139260658996825
L20,CLEX,0,01019614048,0.000396358648401
L20,PA+,2,01019614048,0.001461119366023
L20,PA+,2,02020804062,0.0003981217269130909
L20,PA+,1,02020804062,0.0203439701585823125
L20,CLEX,1,02020804062,0.0114450413308180541
L20,CLEX,2,02020804062,0.0003349188477368333
L20,PA+,1,01010331725,0.0241426798975088485
L20,CLEX,1,01010331725,0.0206641451038666875
L20,PA+,3,01010331725,0.000430831617324
L20,CLEX,3,06068305026,0.0022370215336733333
L20,CLEX,0,01010336752,0.004336507479671
L20,PA+,2,01010336752,0.0019920215244846667
L20,CLEX,3,01010336752,0.0133673812019418889
L20,PA+,1,01010336752,0.0142234125866793456
L20,CLEX,1,01010336752,0.0115075441462990292
L20,PA+,3,01010336752,0.0211370222723933
L20,CLEX,2,01010336752,0.0006878350349505
L20,PA+,0,02020806015,0.000070659877609
L20,CLEX,2,02020806015,0.0022097475632408571
L20,PA+,3,02020806015,0.0091671189767096
L20,CLEX,1,02020806015,0.018114821159749542
L20,CLEX,3,02020806015,0.0066816864570712
L20,PA+,1,02020806015,0.0268668037527881154
L20,PA+,2,02020806015,0.0023408523913187143
L20,CLEX,1,01019613002,0.017614455429526614
L20,PA+,3,01019613002,0.005461229311548
L20,CLEX,0,01019613002,0.002449461982217
L20,PA+,2,01019613002,0.0008557356644621667
L20,CLEX,2,01019613002,0.0010172649536368571
L20,PA+,0,01019613002,0.0008214972956854
L20,PA+,1,01019613002,0.0172528790237850694
L20,CLEX,3,01019613002,0.0043508791572638
L20,CLEX,0,01011403040,0.0000481182168913333
L20,PA+,0,01011403040,0.0000578981312304
L20,CLEX,1,01019611314,0.00559501397391025
L20,CLEX,0,11114304006,0.000063267936548
L20,PA+,3,02020905033,0.0154382669910414
L20,CLEX,1,02020905033,0.0150693538979965593
L20,PA+,1,02020905033,0.0250858707188777
L20,CLEX,3,02020905033,0.009704083007302875
L20,CLEX,1,01010201020,0.0149343536153259412
L20,CLEX,0,01010201020,0.0003842043434145
L20,CLEX,3,01010201020,0.0023498864232033333
L20,PA+,1,01010201020,0.0279604719830697778
L20,PA+,0,01011401066,0.0000578680302125
L20,CLEX,2,01011401066,0.0008586697845865
L20,CLEX,1,01011401066,0.0099705642688006863
L20,CLEX,3,01011401066,0.006155923587116
L20,PA+,1,01011401066,0.01251770863984552
L20,CLEX,0,01011401066,0.0005105633837233333
L20,CLEX,3,06068307015,0.001612437061714
L20,CLEX,1,02020603035,0.0106654536449333684
L20,PA+,2,02020603035,0.00043165367784325
L20,PA+,0,02020603035,0.0010758641068885
L20,CLEX,2,02020603035,0.0000974383820251667
L20,PA+,1,02020603035,0.0187109259326335714
L20,CLEX,3,02020603035,0.0025235902759584286
L20,PA+,1,02020808026,0.0312676108130909
L20,PA+,1,01010330713,0.0252236370881643256
L20,PA+,0,01010330713,0.00064946263134375
L20,CLEX,2,01010330713,0.000405554120531
L20,PA+,2,01010330713,0.0005036412564956667
L20,CLEX,0,01010330713,0.00072907655635225
L20,CLEX,1,01010330713,0.023076395652853
L20,PA+,1,01010206001,0.01309157173219875
L20,CLEX,3,01010206001,0.001745620899296
L20,CLEX,2,01010206001,0.0006668098007905
L20,PA+,0,01010206001,0.001353592951302
L20,PA+,2,01010206001,0.0004873832144186667
L20,CLEX,0,01010206001,0.0009593430257328571
L20,CLEX,1,11111302009,0.0287430617331005385
L20,PA+,2,11111302009,0.000155352618885
L20,CLEX,0,11111302009,0.0001305935658615
L20,CLEX,2,11111302009,0.000327145677391
L20,CLEX,3,11111302009,0.004700089525515
L20,PA+,1,11111302009,0.0355980883210232857
L20,PA+,0,01010107162,0.000053487398818
L20,PA+,2,01010107162,0.000039831403392
L20,CLEX,0,01010107162,0.000770812672794
L20,PA+,1,02020601007,0.0165732704256093091
L20,CLEX,3,02020601007,0.0037905509466635
L20,PA+,3,02020601007,0.006567195265195125
L20,CLEX,1,02020601007,0.0096169020031041961
L20,PA+,0,02020601007,0.0032125754948792
L20,PA+,2,01010335748,0.0012225348071834
L20,PA+,1,01010335748,0.008999498848178
L20,CLEX,1,01010335748,0.0069003271647305
L20,PA+,3,01010335748,0.0142536878683995
L20,PA+,0,01010335748,0.0001931704018325
L20,CLEX,2,01010335748,0.0010679651963783333
L20,CLEX,0,02020808049,0.000093456223886
L20,PA+,1,01010107166,0.0220357731712096667
L20,PA+,0,01010107166,0.000546794787934
L20,CLEX,0,01010107166,0.000030686381287
L20,CLEX,1,01010107166,0.0077397173367018
L20,CLEX,1,01010109595,0.022412850150072
L20,PA+,3,01010109595,0.000457920653544
L20,PA+,2,01010109595,0.0001284403169148
L20,CLEX,2,01010109595,0.000176347280222
L20,PA+,1,01010109595,0.0303772510115731111
L20,CLEX,3,02020806045,0.002060011301002
L20,PA+,1,01010334746,0.013867684184469931
L20,CLEX,3,01010334746,0.0025274569841555556
L20,CLEX,2,01010334746,0.000318580388293
L20,PA+,0,01010334746,0.000322197953347
L20,PA+,2,01010334746,0.000485383946973
L20,CLEX,1,01010334746,0.0102322452206713559
L20,CLEX,2,01010201021,0.00036877199607525
L20,PA+,0,01010201021,0.000248844528809
L20,CLEX,1,01010201021,0.0182229389722996818
L20,PA+,1,01010201021,0.0255792989947768235
L20,PA+,2,01010201021,0.0005232627975377143
L20,CLEX,0,01010201021,0.0002915245914816667
L20,PA+,1,02020813009,0.0163514831241378889
L20,PA+,0,02020813009,0.0000828171097756667
L20,CLEX,1,02020813009,0.0128664368031536579
L20,CLEX,0,01019615010,0.00042760405251
L20,CLEX,3,01019615010,0.004631240882132875
L20,PA+,3,01019615010,0.0051766145647915
L20,CLEX,1,01019615010,0.0126963853728872857
L20,CLEX,1,02020808041,0.0156559047401511304
L20,PA+,2,02020808041,0.0024145736428558667
L20,CLEX,2,02020808041,0.0012988603734206
L20,CLEX,3,02020808041,0.001802162673033
L20,PA+,1,02020808041,0.021540717019104614
L20,CLEX,0,11111102001,0.0000522293976586667
L20,CLEX,0,11111203034,0.000142528601501
L20,CLEX,0,06069810001,0.0003670231468406
L20,CLEX,0,01011402058,0.000026151153668
L20,CLEX,1,01011402058,0.007805038018334
L20,PA+,0,02020808030,0.000063466454221
L20,PA+,1,02020808030,0.0192961166192258
L20,CLEX,3,06068504003,0.001625233251068
L20,PA+,0,01010107382,0.0010758411379
L20,CLEX,0,10106807571,0.0000260646073025
L20,PA+,1,01011401063,0.01540652511652
L20,CLEX,1,01011401063,0.010747369851982
L20,PA+,1,01019611315,0.0199348553486912222
L20,CLEX,1,01019611315,0.015667782172193
L20,PA+,3,13139001005,0.0500659599499374118
L20,CLEX,3,13139001005,0.0188554654376967778
L20,CLEX,0,06066104010,0.000027479011166
L20,PA+,2,01019608128,0.000132980605716
L20,PA+,1,01019608128,0.0409587392225964375
L20,CLEX,1,01019608128,0.0313542939666463333
L20,PA+,0,01019608128,0.000245130431365
L20,PA+,0,02020813706,0.000232988693785
L20,CLEX,3,01019614045,0.0081621114788860769
L20,PA+,1,01019614045,0.0251876817307275474
L20,PA+,0,01019614045,0.0001987291114878333
L20,CLEX,0,01019614045,0.0023080034942036667
L20,CLEX,1,01019614045,0.0152375330925284701
L20,PA+,3,01019614045,0.0075075839263288
L20,PA+,1,01010330706,0.0129872092899508
L20,CLEX,3,01010330706,0.003372422248466875
L20,CLEX,2,01010330706,0.000785592519632875
L20,CLEX,0,01010330706,0.0010850121097206
L20,PA+,2,01010330706,0.0010255881007191923
L20,PA+,3,01010330706,0.0046657212857055
L20,CLEX,1,01010330706,0.0090279414206817846
L20,PA+,1,02020601010,0.0120850519409454634
L20,CLEX,3,02020601010,0.0015961299764983333
L20,CLEX,1,02020601010,0.0076276151012564359
L20,PA+,0,02020601010,0.001987977797891
L20,PA+,2,01019611061,0.0037507612388055
L20,CLEX,3,01019611061,0.0047379021352365556
L20,PA+,1,01019611061,0.0119637315461227692
L20,PA+,3,01019611061,0.001293329200381
L20,CLEX,1,01019611061,0.0113297983935419773
L20,CLEX,2,01019611061,0.0018581115409485
L20,CLEX,3,06066401003,0.0029305096737905
L20,CLEX,0,06066401007,0.000167631041972
L20,CLEX,2,02020809069,0.00066714320621825
L20,PA+,0,02020809069,0.000246098937665
L20,PA+,3,02020809069,0.006983696915979
L20,CLEX,1,02020809069,0.0129105401325898046
L20,CLEX,3,02020809069,0.003647753008130625
L20,PA+,1,02020809069,0.0241080631277054561
L20,PA+,2,02020809069,0.0008635549747863889
L20,PA+,1,01010107247,0.01889284173992
L20,PA+,2,01010107247,0.000338294392482
L20,CLEX,0,01010107247,0.000124406612253
L20,PA+,1,02020806012,0.0312469439995535063
L20,CLEX,3,02020806012,0.0028807859286365
L20,CLEX,2,02020806012,0.0013345028515218889
L20,PA+,2,02020806012,0.0027620809310304545
L20,CLEX,1,02020806012,0.0260365621173125714
L20,CLEX,0,10106807582,0.0000834059530376667
L20,CLEX,0,10106804562,0.000031305202594
L20,CLEX,2,01010201025,0.0000794504560296667
L20,CLEX,1,01010201025,0.0194141285727897
L20,CLEX,3,01010201025,0.002103066095446875
L20,PA+,1,01010201025,0.020175052848825
L20,CLEX,0,01010201025,0.000050587266596
L20,PA+,2,01010201025,0.0002639512420335
L20,PA+,2,02020807025,0.001973345577109625
L20,CLEX,0,02020807025,0.0000536669989065
L20,PA+,1,02020807025,0.049907172478116
L20,CLEX,3,02020807025,0.0175402181554887778
L20,CLEX,1,02020807025,0.0188791094231346
L20,PA+,3,02020807025,0.0230089309302232727
L20,CLEX,2,02020807025,0.002869180283362375
L20,PA+,0,02020807025,0.000407681980416
L20,CLEX,3,01010330717,0.0099321607030305556
L20,PA+,3,01010330717,0.0051975986182752
L20,CLEX,1,01010330717,0.008593725313835875
L20,CLEX,3,02020905038,0.015975584787944
L20,PA+,1,02020905038,0.0247770727262623939
L20,CLEX,2,02020905038,0.0012370679086695
L20,PA+,2,02020905038,0.0015947003678668
L20,CLEX,0,02020905038,0.000786781097584
L20,PA+,3,02020905038,0.0123344751791609
L20,CLEX,1,02020905038,0.0170046381967055211
L20,CLEX,0,11119104009,0.0000867256746695
L20,PA+,3,02020907683,0.003622073167569
L20,CLEX,1,01010109519,0.0166772224615031422
L20,PA+,3,01010109519,0.011704785473
L20,CLEX,0,01010109519,0.000033863802231
L20,PA+,2,01010109519,0.0014209814553164545
L20,PA+,0,01010109519,0.0017597327060175
L20,CLEX,2,01010109519,0.003071129047213
L20,PA+,1,01010109519,0.0207556476042714128
L20,CLEX,1,01019612317,0.0131101602150408491
L20,PA+,3,01019612317,0.0127293627837300909
L20,PA+,2,01019612317,0.001754336511734
L20,PA+,0,01019612317,0.000865765322319
L20,CLEX,2,01019612317,0.001313313185173
L20,CLEX,3,01019612317,0.0218217965037764545
L20,PA+,1,01019612317,0.019161643759930797
L20,PA+,1,02020707320,0.0279850073771324048
L20,PA+,0,02020707320,0.000522733288681
L20,CLEX,1,02020707320,0.0101561385672401684
L20,PA+,2,02020808027,0.0014751644811235
L20,PA+,1,02020808027,0.00907489835749
L20,CLEX,1,02020808016,0.0265408718582437692
L20,PA+,0,02020808016,0.000046743198153
L20,PA+,1,02020808016,0.0284446669540079032
L20,PA+,2,01011402021,0.000105057574996
L20,CLEX,0,01011402021,0.000051668814847
L20,PA+,1,01019615014,0.0130392984214064118
L20,CLEX,3,01019615014,0.002178720881488
L20,CLEX,1,01019615014,0.0145111953062918667
L20,PA+,1,02020902014,0.008884722148689
L20,CLEX,2,01010333740,0.0006018746553478
L20,CLEX,1,01010333740,0.0171029015485211364
L20,PA+,1,01010333740,0.0218845389070686923
L20,PA+,2,01010333740,0.00108363255673
L20,CLEX,0,01010333740,0.0000990438255995
L20,CLEX,2,02020805036,0.000985254215281
L20,CLEX,1,02020805036,0.014703235620664
L20,PA+,1,02020805036,0.0295428567450113077
L20,CLEX,0,02020805036,0.000404897297346
L20,PA+,2,02020805036,0.0021764805298330909
L20,CLEX,3,02020813005,0.00562714698470575
L20,PA+,1,02020813005,0.0246048642704367778
L20,CLEX,2,02020813005,0.0025219818285493333
L20,PA+,0,02020813005,0.0000555078475613333
L20,CLEX,1,02020813005,0.0130537864326424127
L20,PA+,3,02020813005,0.0046833226846955
L20,CLEX,3,06066102018,0.002136880756034
L20,CLEX,0,11111102009,0.0003763360337013333
L20,CLEX,2,01010201007,0.0033531862154677778
L20,PA+,0,01010201007,0.0004384998108435
L20,PA+,3,01010201007,0.0065643091554225
L20,CLEX,1,01010201007,0.0136056485810367235
L20,PA+,1,01010201007,0.0220169913319876355
L20,CLEX,3,01010201007,0.0056215272146125556
L20,CLEX,0,01010201007,0.000207166042417
L20,PA+,2,01010201007,0.0050172798256873333
L20,CLEX,3,06068307027,0.0025543899678342857
L20,CLEX,0,02020903027,0.000019567646451
L20,PA+,1,02020903027,0.0286058982117724
L20,PA+,2,01010108517,0.00044285688868225
L20,CLEX,0,01010108517,0.0016833132734283333
L20,PA+,1,01010108517,0.019960641243668663
L20,CLEX,3,01010108517,0.0103927367969547778
L20,PA+,3,01010108517,0.0154904414544333
L20,CLEX,1,01010108517,0.0146842105392604483
L20,PA+,0,01010108517,0.0009675223363521429
L20,CLEX,2,01010108517,0.0003752550753944167
L20,CLEX,0,01010108502,0.000859275804858
L20,PA+,1,01010108502,0.0268327766820921111
L20,CLEX,1,01010108502,0.0149121052832472692
L20,PA+,1,02020807010,0.0065372208931666
L20,CLEX,1,02020807010,0.0162312526671258889
L20,PA+,0,02020807010,0.000105273811493
L20,PA+,0,02020603036,0.000702595780192
L20,CLEX,1,02020603036,0.0166018193246148462
L20,PA+,1,02020603036,0.0170010083254648095
L20,CLEX,3,02020603036,0.002930106495429125
L20,PA+,1,02021002003,0.0444074018996862857
L20,PA+,2,02021002003,0.002052685596989
L20,CLEX,3,01019610027,0.02272148326411
L20,PA+,1,01019610027,0.0199678332279913696
L20,PA+,0,01019610027,0.0009482655445996667
L20,CLEX,2,01019610027,0.0019456120614712857
L20,PA+,2,01019610027,0.0019281316499640909
L20,CLEX,0,01019610027,0.0013051603849825
L20,PA+,3,01019610027,0.0119728885685125
L20,CLEX,1,01019610027,0.015966815023367
L20,CLEX,0,02020903016,0.0000531886388115
L20,PA+,1,02020903016,0.0137977288602422
L20,PA+,2,01010331722,0.00061892919673
L20,PA+,1,01010331722,0.013252308568441125
L20,CLEX,3,01010331722,0.0062779927155943
L20,CLEX,1,01010331722,0.008062552262439
L20,PA+,3,01010331722,0.0171981850892226
L20,CLEX,2,01010331722,0.000909398297143
L20,PA+,0,02020805043,0.002943602095884
L20,CLEX,1,02020805043,0.008754475283956625
L20,PA+,1,02020805043,0.0162051572769135263
L20,PA+,0,02020702010,0.000235493948557
L20,CLEX,2,02020702010,0.000531876840963
L20,CLEX,1,02020702010,0.0109523664803672222
L20,CLEX,3,02020702010,0.001776138843311
L20,PA+,1,02020702010,0.0207926304311532857
L20,PA+,2,02020702010,0.000826594672589
L20,CLEX,0,02020702010,0.0002094014841292
L20,PA+,2,01010332739,0.0005624816360254286
L20,PA+,0,01010332739,0.0001802440679595
L20,PA+,1,01010332739,0.006405359346536
L20,CLEX,1,01011403034,0.00899196341453153
L20,CLEX,0,01011403034,0.000581492979548
L20,PA+,2,01011403034,0.0008033214620225
L20,PA+,0,01011403034,0.0004158013576786667
L20,CLEX,2,01011403034,0.000467543050818
L20,PA+,1,01011403034,0.0139561450471473448
L20,PA+,2,02020903023,0.0005048980878397
L20,CLEX,0,02020903023,0.000053948184141
L20,CLEX,2,02020903023,0.00033049014591
L20,CLEX,1,01010332735,0.03930437476877975
L20,PA+,3,01010332735,0.001909069283557
L20,PA+,2,01010332735,0.000716564066049
L20,CLEX,0,01010332735,0.000460355145716
L20,PA+,0,01010332735,0.0003358117896104
L20,CLEX,2,01010332735,0.0004382960758518333
L20,CLEX,3,01010332735,0.0021996631315964286
L20,PA+,1,01010332735,0.0425794094329071905
L20,CLEX,0,04045001030,0.000040001108636
L20,PA+,3,02020812054,0.00472108760336675
L20,CLEX,1,02020812054,0.02465780515530455
L20,PA+,1,02020812054,0.058577811845841
L20,CLEX,3,02020812054,0.0034270243165269
L20,CLEX,0,11111301014,0.000071393253694
L20,CLEX,3,11111301014,0.000524304953998
L20,PA+,3,11111301014,0.00058337894705975
L20,PA+,1,01010202041,0.044162658504591
L20,CLEX,1,02021001001,0.0057112574147711667
L20,PA+,1,02021001001,0.00845838641822325
L20,CLEX,3,01010202045,0.0096532022253221111
L20,PA+,1,01010202045,0.0202974368897334
L20,CLEX,2,01010202045,0.001052622139524
L20,CLEX,0,01010202045,0.0002234153835526667
L20,PA+,2,01010202045,0.0007101253376238571
L20,CLEX,1,01010202045,0.0217042576465909302
L20,PA+,1,01010202038,0.022579823213323
L20,PA+,0,01010202038,0.00021800767666
L20,CLEX,1,01010202038,0.01574916239014656
L20,CLEX,1,01011403023,0.007112465866514
L20,PA+,2,01011403023,0.000085731017925
L20,CLEX,0,01011403023,0.000757293169649
L20,CLEX,2,01011403023,0.000070022788211
L20,CLEX,3,06068306003,0.001791218849638
L20,CLEX,0,01010207003,0.000304703971917
L20,CLEX,3,01010207003,0.0061761994375105
L20,PA+,3,01010207003,0.004392954046255
L20,CLEX,2,01011404054,0.0000771406757378333
L20,CLEX,1,01011404054,0.010508260811686
L20,PA+,2,01011404054,0.000061925901751
L20,CLEX,0,01011404054,0.0002970979733775
L20,PA+,0,01019613131,0.00022964409175875
L20,CLEX,2,01019613131,0.001472019312209
L20,PA+,3,01019613131,0.0072675177395355
L20,CLEX,1,01019613131,0.0215167787935001406
L20,CLEX,3,01019613131,0.0081155919374648182
L20,PA+,1,01019613131,0.0224333455891674512
L20,CLEX,0,01019613131,0.0002089905874785
L20,PA+,2,01019613131,0.0008423142288731667
L20,CLEX,0,06066406009,0.00001826136818
L20,CLEX,2,01010201010,0.002838312406793
L20,PA+,3,01010201010,0.00665241135395025
L20,CLEX,1,01010201010,0.0150857375598217105
L20,CLEX,3,01010201010,0.0127364563461178889
L20,PA+,1,01010201010,0.0202735601916193548
L20,CLEX,0,01010201010,0.000034134126489
L20,PA+,2,01010201010,0.003930425600563
L20,PA+,2,02020804070,0.0001009402766693333
L20,CLEX,2,02020804070,0.000061913675157
L20,CLEX,1,02021001621,0.0141357056957481034
L20,CLEX,0,02021001621,0.000127514608077
L20,PA+,1,02021001621,0.029296195683029375
L20,PA+,1,01010331726,0.008242509043085
L20,CLEX,3,01010331726,0.002286432078491
L20,CLEX,1,01010331726,0.0072850316937791
L20,PA+,3,01010337755,0.016799967254815
L20,CLEX,1,01010336753,0.0117922043893551379
L20,PA+,1,01010336753,0.0175751183942056
L20,PA+,3,02020907687,0.0051884835591195
L20,CLEX,3,02020907687,0.001631687294029
L20,PA+,1,01010107371,0.01818210784304825
L20,PA+,0,01010107371,0.00028802591566675
L20,CLEX,0,01010107371,0.00008250912209
L20,CLEX,1,01010107371,0.0216972818684592
L20,PA+,1,02020813001,0.0260276431151091605
L20,CLEX,2,02020813001,0.011046883952948
L20,PA+,2,02020813001,0.007529136258209
L20,CLEX,1,02020813001,0.0167908903936393833
L20,CLEX,2,01019613120,0.0010213819156609
L20,PA+,0,01019613120,0.0003072464229515
L20,CLEX,1,01019613120,0.0176555817912413846
L20,PA+,1,01019613120,0.0217180800781622381
L20,PA+,2,01019613120,0.0008178680974145714
L20,CLEX,0,11111201023,0.000041566352333
L20,PA+,2,02020601003,0.0026331455234415
L20,CLEX,0,02020601003,0.001235964536351
L20,CLEX,3,02020601003,0.012155535466723
L20,PA+,1,02020601003,0.0200177799282990989
L20,CLEX,1,02020601003,0.0132872823135181683
L20,PA+,0,02020601003,0.002417048586587
L20,CLEX,2,02020601003,0.0016821110282681667
L20,CLEX,0,01010104593,0.0003370465739025714
L20,PA+,1,01010104593,0.0095314672649680833
L20,CLEX,1,01010104593,0.006108993140278
L20,PA+,0,01010104593,0.0009207720649163333
L20,PA+,3,01019612140,0.0081466520232538
L20,CLEX,1,01019612140,0.0151817536924991379
L20,PA+,2,01019612140,0.0009073583112811111
L20,CLEX,2,01019612140,0.0016292098822241667
L20,PA+,0,01019612140,0.000155268710388
L20,CLEX,3,01019612140,0.0097505853551430909
L20,PA+,1,01019612140,0.01340047976093692
